author/canDm,author/canMediaTag,author/description,author/entities/url/urls/0/display_url,author/favouritesCount,author/following,author/hasCustomTimelines,author/id,author/isTranslator,author/isVerified,author/location,author/mediaCount,author/name,author/statusesCount,author/type,author/url,author/userName,entities/user_mentions/0/name,entities/user_mentions/0/screen_name,isConversationControlled,isQuote,isReply,isRetweet,likeCount,replyCount,text
false,true,Spotlighting athlete* and  stories,nike.com,7060,120,true,415859364,false,true,"Beaverton, Oregon",3313,Nike,38807,user,https://x.com/Nike,Nike,Fortnite,FortniteGame,false,false,false,false,926,79,Airphoria is back with a new experience in @fortnitegame. Enter the Dn Dimension on March 26   https://t.co/BwSVYjaegX
false,true,Spotlighting athlete* and  stories,nike.com,7060,120,true,415859364,false,true,"Beaverton, Oregon",3313,Nike,38807,user,https://x.com/Nike,Nike,Nike Basketball,nikebasketball,false,false,false,true,22119,258,"RT @nikebasketball: It takes a once-in-a-generation player to break a record that’s stood for generations.

Congratulations to @caitlinclar…"
false,true,Spotlighting athlete* and  stories,nike.com,7060,120,true,415859364,false,true,"Beaverton, Oregon",3313,Nike,38807,user,https://x.com/Nike,Nike,Nike Basketball,nikebasketball,false,false,false,true,62183,470,"RT @nikebasketball: Numbers don’t lie. 

Yet again, @kingjames has rewritten the equation for greatness: 40k points, 10k assists, 10k rebou…"
false,true,Spotlighting athlete* and  stories,nike.com,7060,120,true,415859364,false,true,"Beaverton, Oregon",3313,Nike,38807,user,https://x.com/Nike,Nike,Nike Basketball,nikebasketball,false,false,false,true,43256,313,"RT @nikebasketball: Breaking records, breaking new ground. 

@CaitlinClark22 shatters the All-Time Women’s NCAA Scoring Record and makes it…"
false,true,Spotlighting athlete* and  stories,nike.com,7060,120,true,415859364,false,true,"Beaverton, Oregon",3313,Nike,38807,user,https://x.com/Nike,Nike,,,false,false,false,false,2932,80,"Champions always find a way.
#justdoit https://t.co/qjKVxIg5Je"
false,true,Spotlighting athlete* and  stories,nike.com,7060,120,true,415859364,false,true,"Beaverton, Oregon",3313,Nike,38807,user,https://x.com/Nike,Nike,Nike Basketball,nikebasketball,false,false,false,true,4634,226,"RT @nikebasketball: Welcome to the World of Book 

Available on SNKRS and at select retailers February 17. https://t.co/PBalp0GAJI"
false,true,Spotlighting athlete* and  stories,nike.com,7060,120,true,415859364,false,true,"Beaverton, Oregon",3313,Nike,38807,user,https://x.com/Nike,Nike,Jannik Sinner,janniksin,false,false,false,false,10995,123,"Victory belongs to the most persevering 
 
Congratulations, @janniksin, on your first Grand Slam and being the highest ranked Italian player in history.  https://t.co/raBhATFR7L"
false,true,Spotlighting athlete* and  stories,nike.com,7060,120,true,415859364,false,true,"Beaverton, Oregon",3313,Nike,38807,user,https://x.com/Nike,Nike,Diede de Groot,DiedetheGreat,false,false,false,false,555,23,"Grand Slam secured  
  
Congratulations to the legendary @diedethegreat on your 21st Grand Slam and Tokito Oda on adding your first title in Melbourne to the trophy case.  https://t.co/Zz0vHWVcaB"
false,true,Spotlighting athlete* and  stories,nike.com,7060,120,true,415859364,false,true,"Beaverton, Oregon",3313,Nike,38807,user,https://x.com/Nike,Nike,Sabalenka Aryna,SabalenkaA,false,false,false,false,6476,91,"Keep on creating history  
  
Congratulations, @sabalenkaA, on back-to-back Grand Slams in Melbourne.  https://t.co/yFfBRpGtgb"
false,true,Spotlighting athlete* and  stories,nike.com,7060,120,true,415859364,false,true,"Beaverton, Oregon",3313,Nike,38807,user,https://x.com/Nike,Nike,Nike Basketball,nikebasketball,false,false,false,true,5139,85,"RT @nikebasketball: Count it. That’s 1,203 victories for Stanford Coach Tara VanDerveer. 

The most of any college basketball coach, ever…"
false,true,Spotlighting athlete* and  stories,nike.com,7060,120,true,415859364,false,true,"Beaverton, Oregon",3313,Nike,38807,user,https://x.com/Nike,Nike,,,false,false,false,false,5627,164,"Yesterday I found, new purpose in tomorrow. Today, I'm Stronger. https://t.co/mUxUABj8Kb"
false,true,Spotlighting athlete* and  stories,nike.com,7060,120,true,415859364,false,true,"Beaverton, Oregon",3313,Nike,38807,user,https://x.com/Nike,Nike,Rafa Nadal,RafaelNadal,false,false,false,false,6094,151,Brisbane. @RafaelNadal’s return. Ready to leave it all on the court once again. https://t.co/5UOTolnvcB
false,true,Spotlighting athlete* and  stories,nike.com,7060,120,true,415859364,false,true,"Beaverton, Oregon",3313,Nike,38807,user,https://x.com/Nike,Nike,Nike Basketball,nikebasketball,false,false,false,true,8939,176,"RT @nikebasketball: Passion. Obsession. Fearless. Resilience. Relentless.

That’s Mamba.

What word describes you best?

#Kobe #MambaMenta…"
false,true,Spotlighting athlete* and  stories,nike.com,7060,120,true,415859364,false,true,"Beaverton, Oregon",3313,Nike,38807,user,https://x.com/Nike,Nike,Fortnite,FortniteGame,false,false,false,false,3530,124,Nike is back in @FortniteGame with an epic sequel to Airphoria. Enter the Dn Dimension to feel the unreal. The portal closes on April 2  https://t.co/K0ejdA9CRJ
false,true,Spotlighting athlete* and  stories,nike.com,7060,120,true,415859364,false,true,"Beaverton, Oregon",3313,Nike,38807,user,https://x.com/Nike,Nike,,,false,false,true,false,191,8,Check it out here: https://t.co/xGr9FoTv7H
false,true,Spotlighting athlete* and  stories,nike.com,7060,120,true,415859364,false,true,"Beaverton, Oregon",3313,Nike,38807,user,https://x.com/Nike,Nike,,,false,false,false,false,540,29,"It’s time to feel the unreal.

The next generation of Air technology is available now. The Nike Air Max Dn is designed to offer an all-new underfoot sensation that opens up the aperture of what’s possible. https://t.co/M1WuKgEVmg"
false,true,Spotlighting athlete* and  stories,nike.com,7060,120,true,415859364,false,true,"Beaverton, Oregon",3313,Nike,38807,user,https://x.com/Nike,Nike,,,false,false,true,false,52,8,The Air Max Dn arrives in a wide lineup of colorways. Available now: https://t.co/MPPBJDNYr5
false,true,Spotlighting athlete* and  stories,nike.com,7060,120,true,415859364,false,true,"Beaverton, Oregon",3313,Nike,38807,user,https://x.com/Nike,Nike,,,false,false,false,false,806,79,"The next generation of Air technology arrives March 26.

The Nike Air Max Dn boasts a Dynamic Air unit that allows pressurized Air to move with your foot, giving you an unreal, reactive sensation with every step. https://t.co/fBy5Xn0SkN"
false,true,Spotlighting athlete* and  stories,nike.com,7060,120,true,415859364,false,true,"Beaverton, Oregon",3313,Nike,38807,user,https://x.com/Nike,Nike,,,false,false,true,false,494,30,"Pressurized air moves through the dual-chambered Air unit of the Nike Air Max Dn, giving you a smooth sensation as you take each step. #AirMaxDn https://t.co/g6DFloMun9"
false,true,Spotlighting athlete* and  stories,nike.com,7060,120,true,415859364,false,true,"Beaverton, Oregon",3313,Nike,38807,user,https://x.com/Nike,Nike,,,false,false,true,false,574,34,"The Nike Air Max Dn launches on March 26th. Hit the link to get notified.

https://t.co/MPPBJDNqBx https://t.co/norYVk2HsN"
false,true,RDA. Sacramento. Running and biking almost everyday!,,107229,2161,true,2401903729,false,false,California,591,Javier Salazar,38159,user,https://x.com/J2R4S,J2R4S,Nike,Nike,false,false,false,false,0,0,"First run in the Nike Air Zoom Pegasus 36 (Clemson Edition) 
Review coming shortly!
nikerunning @nike @bennettrun #firstrun #easyrun #10krun #6.21miles #relaxrunning #recoveryrun #funrun #run #running #nike… https://t.co/Y8MCMyAmC3"
false,false,"A Scientist (chemistry and biophysics), gentleman, father, raconteur, modernist, biacore-ologist and the worlds best dressed biophysicist",,855,279,false,17008971,false,false,Boston,147,Paul Belcher,691,user,https://x.com/iceobar,iceobar,,,false,false,false,false,0,0,"New runners! Air Zoom Pegasus 36 designed by Tokyo-based artist Keeenue for the 2000 summer Olympics #roadtoseamonstersembrace @ Portland, Oregon https://t.co/QNKNOSWSbN"
false,true,"#LiveHard #75Hard #Arete #LotJTailgaters @chiefslotjtailgatecrew @chiefs Season Tix Holder, Former Pro #Umpire #Golf #Runner @1stphorm #iam1stphorm",1stphorm.com/?a_aid=bpcump63,661,252,true,139608362,false,false,"Springfield, Missouri",116,Pedro,2864,user,https://x.com/BpcUmp63,BpcUmp63,Nike,Nike,false,false,false,false,0,0,"Loved that pacific coast run on Long Beach, California! 

.

Gorgeous Cali day to break my new @nike Air Zoom Pegasus 36’s in! 

.

Always putting the work in to get better! With that run I surpassed the 2000 miles… https://t.co/nB6eDp7nX8"
true,false,Educated Nayarit  LA,open.spotify.com/user/123398464…,68997,571,true,91421835,false,false,California,762,Loops✨,21722,user,https://x.com/Lupee24,Lupee24,,,false,true,false,false,1,1,"Update I went to the Nike Community Store in East Los &amp; went with the Nike Air Zoom Pegasus 36. Still going to look for another pair but diff brand for ""going out"" kicks. These are soo comfy!!"
true,true,"Co-founder + CEO of @okta, proud husband + father, addicted to exercise.
Tweet identity musings and secrets to being a public company CEO.
Give me feedback!",okta.com,3731,724,true,22338536,false,false,California,419,Todd McKinnon,3605,user,https://x.com/toddmckinnon,toddmckinnon,Okta,okta,false,false,true,false,1,1,@7AustinL @andyf_lfc @zoom_us @okta @ericsyuan Nike Men's Air Zoom Pegasus 36 Running Shoes https://t.co/jxdx1yMGbP  haven’t run in them. But they’re comfortable as all get out.
true,false,optimist,,28550,658,true,188246800,false,true,"Plymouth, MN",30,Jason Des,3894,user,https://x.com/jasond55,jasond55,.•✦ Steffi ✦•.,stefsas97,false,false,true,false,0,0,@stefsas97 Nike air zoom Pegasus 36 the best running shoes I have owned deff would recommend
true,true,"The tweet may have been mistaken, the tweeting was not. There will be typos. Opinions are my own. (He/Him/His) IG: MSeeley ️‍",instagram.com/mseeley,109650,1870,true,15074535,false,false,New York City,4782,mark,27855,user,https://x.com/mdseeley,mdseeley,,,false,false,true,false,3,1,"@kyleloftus123 @joeyc1110 Those are the ones I just bought and I like them a lot. 

I bought:  Nike Air Zoom Pegasus 36 Shield Men's Running Shoes"
false,true,Video Game Guy | Sneaker Collector | Movie Reviewer | Tiki Bar TV Villain | Food & Bourbon Lover | #Canucks fan  ||,irongalaxystudios.com,33054,1057,true,17418971,false,false,The Pacific Northwest,3244,GIO,14103,user,https://x.com/giocorsi,giocorsi,,,false,false,false,false,23,2,"I have some #nike shoes for 2020 travel but didn’t get to wear them thanks to Covid/no events. I ❤️ them &amp; I’m still gonna wear them. So here’s May ’21: the “Air zoom Pegasus 36 Trail Gore-Tex Black”! Light, waterproof &amp; cool, perfect for the PNW summer! Please to enjoy! https://t.co/kSRC9lHM1V"
false,true,Day1 Here for #Whiteyy18 #Blackeyyy18 #WhiteyyNation #Blackeyyyfam,,30217,1632,true,195548137,false,false,"Las Vegas, NV",4547,KellyyK7777,15497,user,https://x.com/KellyyK7777,KellyyK7777,,,false,false,false,false,128,27,Sending My Baby Girl off to the Air Force this Morning!!  Crying Happy tears! God Speed Alexis you are going to do Great things!! There goes my Heart! ♥️♥️♥️♥️ https://t.co/tivxK4QcKU
true,true,Covering #FSU athletics for @Noles247 | co-host @SundayGolds | Former intern for @CotuitKettleers,,7111,884,true,1051244497,false,false,"Tallahassee, FL",2659,Brett Nevitt,31584,user,https://x.com/brettpn,brettpn,,,false,false,false,false,29,2,So when do we schedule a home and home with Air Force? https://t.co/b4hKroWVfF
true,true,Zionist Activist | Publisher & EIC at God of the Desert Books | Writer | Researcher | Podcaster | Judeo-Christian Mystic | NOW BOYCOTTING TWITTER,godofthedesert.substack.com,20563,3624,true,93189340,false,false,California,9698,Dave of the Desert,79824,user,https://x.com/DaveSwindle,DaveSwindle,"Shoshana Weissmann, Sloth Committee Chair",senatorshoshana,false,false,false,false,7,3,I am sure when @senatorshoshana is president someday this will be the in-flight entertainment on Air Force One perpetually…  https://t.co/glHTLpqwGz
true,true,"Wife of THE BEST Football Coach, Mom of 2, Kitty of 1, Educational Diagnostician",,5423,47,true,1034074645518077953,false,false,"Texas, USA",82,skrubel,182,user,https://x.com/skrubel4444,skrubel4444,Robert Rubel,CoachRubel,false,false,false,false,12,0,"Another day, another bowl game Let’s go Air Force #Falcons #tripleoption #runthedangball @CoachRubel https://t.co/TZKgFiQRoP"
false,true,FHC Ranger Wrestling,,115,42,false,1312447552420274176,false,false,California,148,FHC Ranger Wrestling,248,user,https://x.com/FHCRangerWR,FHCRangerWR,,,false,false,false,false,14,0,"Military Appreciation Tournament 
@ Coopersville HS today
#FHCW representing Air Force, flag bearer Michael Frazer (father &amp; brother both service members) https://t.co/8BXbMJvyUV"
false,true,"Fire Apparatus and Aviation Photographer, San Diego native, and expert at telling people where to go. Expressions, thoughts, and opinions are mine alone.",,206415,560,true,836828016672129024,false,false,California,3227,Been in this game too long,14649,user,https://x.com/maddogkujo,maddogkujo,,,false,false,false,false,5,0,The Air Force 12 days of Christmas.. https://t.co/iBOzrAexux
true,false,I help career-driven individuals lose body fat and increase energy levels without restrictive diets or excessive cardio. Owner of All In Fitness Coaching.,allinfitnesscoaching.com,24319,1089,true,605583497,false,true,I Keep My Bags Packed,10781,TJ Jurkiewicz | Nutrition Coach,52485,user,https://x.com/tj_jurk,tj_jurk,,,false,false,false,false,2,2,Louisville/Air Force o54.5 https://t.co/d0Fdla5v5K
true,true,Gemini,instagram.com/liliumhg?r=nam…,123228,767,true,933383000305233920,false,false,Arizona,410,Lil,12506,user,https://x.com/liliumhgg,liliumhgg,,,false,false,false,false,13,1,Ag the bar on Christmas and now I have a date planned with the bartender who leaves for the Air Force in a week I really am the main character
false,true,Radio Station Owner. 93.7 FM. The Ticket FM. Radio Host Old School w/ Jay Foreman. Weekdays 4p-6p. https://t.co/iS8MGZckVc. Best Selling Author. 2X TEDx,theticketfm.com/on-air-talent/…,13704,4131,true,203194720,false,false,"Lincoln, NE",10101,Derrick Pearson,28777,user,https://x.com/derrickpearson,derrickpearson,,,false,false,false,false,69,17,"Question:

How many 3, 4, and 5 star athletes are there on this 9 win Air Force Academy football team?"
true,false,23 • CSUS • Taurus,instagram.com/amberrrrenee_,85340,1302,true,1567520040,false,false,California,1758,amber renee,102138,user,https://x.com/Ammmberrr15,Ammmberrr15,,,false,false,false,false,3,0,I need me another pair of Air Force 1s it’s about that time
false,true,uci alum | hacked at 10 mil,,3027,197,true,845849040197627905,false,false,Slaying demons,174,Josey,2191,user,https://x.com/josemejia_11,josemejia_11,,,false,false,false,false,7,0,The green goblin definitely has black Air Force energy
false,true,"Rocket launch photographer for https://t.co/rbEGeipFIr

Lightning & Storm Chaser",ebay.com/usr/racing-his…,66257,749,false,806314765383389185,false,true,"Marco Island, FL",1725,Scott Schilke,9774,user,https://x.com/SchilkeScott,SchilkeScott,ULA,ulalaunch,false,false,false,false,54,8,Best Christmas Gift Ever! My son (retired Air Force) had asked for my @ulalaunch launch photos a year ago. Then was able to get @torybruno to sign them + extras &amp; give them back to me for Christmas! How cool is that?  Thanks Tory &amp; Andre  Ad Astra! @KICK_UP_ @Falcon9Block5 https://t.co/rheTkQnJDv
false,true,"Workaholic & loyal #UNIPanther fan. Trivia Champion. Retired Drinkslinger .Weekends are my own, as are my thoughts, which can be nonsense.",,18530,578,true,375795936,false,false,Cedar Falls IOWA,1444,Big Al,12923,user,https://x.com/UNIBigAL,UNIBigAL,,,false,false,false,false,11,1,So that Air Force team looked pretty good today. UNI’s next opponent in September..
true,false,"making drinks and thinking about wrestling 

co-host of ACSH with @handsomedagger

24

he/him",,26287,665,true,215786302,false,false,"Louisville, KY",1544,cal chainsaw hanco,8715,user,https://x.com/chefcalhanco,chefcalhanco,,,false,false,false,false,2,1,Not the kid in the black air force ones and vape hoodie looking at guns on the Cabela's website
true,true,Official NYPD account dedicated to remembering those who lost their lives protecting New York City. Fidelis ad Mortem. User policy: https://t.co/MdvrcXA29y,,4337,51,false,3156236822,false,false,"New York City, NY",3141,NYPD In Memoriam,6337,user,https://x.com/NYPDInMemoriam,NYPDInMemoriam,,,false,false,false,false,226,4,"Today we remember Detective Joseph Lemm who was killed on December 21, 2015, by a suicide bomber in a village near Bagram Air Base, Afghanistan, while serving as a Special Agent for the United States Air Force Office of Special Investigations https://t.co/xlBfWjQVNt"
false,false,Midwest’n w/the Mrs’ & boys! AR-BSB GO HOGS! Mili/Poli-Sci Thrillers. War History & BookNerd. Coffee Nerd. Bourbon Hunter. Parents #Huskers #NHLBruins #RedSox,,52858,2919,true,239725442,false,false,"Omaha, Nebraska",13500,Kevin,66264,user,https://x.com/ArkBoSox,ArkBoSox,,,false,false,false,false,7,0,Military Schools putting it on the power 5’s this year. Air Force &amp; Army Both bowl W’s https://t.co/hjtAqkzcy2
true,true,"Cards. Kicks.
Supplying drop info etc #sneakercommunity 
  **TAG To Get Retweeted/Marketed @Mint_Cards_N_Kicks**
My posts, comments etc are my own.",,2272,2181,true,1157408413724348421,false,false,"Syracuse, NY",6263,NjWood {Mint_Cards_N_Kicks_ (RT-er)},18660,user,https://x.com/MintCardsnKicks,MintCardsnKicks,,,false,false,false,false,0,0,"Nike Air Max 270 REACT
$160
LINK- https://t.co/FNYoj2ZaHF https://t.co/Y8NlI22nV7"
true,true,ArchitectPH▪️Artist ▪️Ilokana ▪️Triskelion/TauGammaSigma,,51,35,false,987077894584193025,false,false,"Red Deer, Alberta",4,JhonaBlance,25,user,https://x.com/jhonaksenia,jhonaksenia,,,false,false,false,false,0,0,Nike Air Max 270 React By You https://t.co/GseI4unaFw
false,true,"tennis masters is a tennis specialty store located in the heart of downtown mcallen , we carry all your favorite brands like nike adidas babolat head wilson ...",tennismasterss.com,86,80,false,3229979960,false,false,"McAllen, TX",84,Tennis Masters,855,user,https://x.com/tennismasterss,tennismasterss,,,false,false,false,false,0,0,Nike Air Max 270 React .... HURRY... selling out Fast !! #nike #nikeshoes #mcallentx #nikeairmax270react @ Tennis Masters https://t.co/js2Jye7Vgh
false,true,http://t.co/BW2yOr5Tu3  http://t.co/zZd9fUUAw3  http://t.co/lE9JJT4O95  http://t.co/M63niCwW7B,citygear.com,105,1711,false,631176278,false,false,Ohio,308,City Gear NWest,3942,user,https://x.com/CityGearNWest,CityGearNWest,,,false,false,false,false,0,0,"Grade School Air Max 270 react available now @citygearnwest108 

#citygear #citygearnwest108 #citygearkids #nike #nikekids #nikekidsshoes #sneakers #airmax #airmax270react #citygearfresh @ City Gear https://t.co/wfPJPcN0sD"
true,true,NBA/NFL Columnist for https://t.co/ZnTsHIAz8a and https://t.co/HgJ6KkY2Lb @ProHoopsWriters Member/ Clinical Informatics Analyst/I.T. Guru,fortyeightminutes.com/author/rob-par…,10694,3453,true,331952450,false,false,Aventura,20404,Rob Parks Jr.,261345,user,https://x.com/Rparksjr85,Rparksjr85,Nike,Nike,false,false,true,false,0,0,@nike Air Max 270 React Wtr for $53 today at @nike @ Nike Factory Store https://t.co/iBfbvThSEY
false,true,Instagram: @Nohble                      https://t.co/WVAINSxwjK,Nohble.com,223,50,false,512633471,false,false,New york,1360,Nohble,5893,user,https://x.com/Nohble,Nohble,,,false,false,false,false,0,0,Nike GS Air Max 270 React SE “Grind Black” $134.99 Now available at Nohble. @ Nohble https://t.co/ktIT4h0muN
false,true,Instagram: @Nohble                      https://t.co/WVAINSxwjK,Nohble.com,223,50,false,512633471,false,false,New york,1360,Nohble,5893,user,https://x.com/Nohble,Nohble,,,false,false,false,false,0,0,Women’s Nike Air Max 270 React SE Flash Crimson now available at Nohble. @ Nohble https://t.co/p3e7UONymC
false,true,Instagram: @Nohble                      https://t.co/WVAINSxwjK,Nohble.com,223,50,false,512633471,false,false,New york,1360,Nohble,5893,user,https://x.com/Nohble,Nohble,,,false,false,false,false,0,0,Nike W Air Max 270 React - Photon Dust/Aurora Green/White/Black $159.99 now available at Nohble. @ Nohble https://t.co/SmAg1bqKTQ
true,true,"I am Dobby Styles. I am a New Tv Writer Self- Published Author, Marathon participant, and Fresh lover: Im Humble and Patient.  #Becominggooddude",Dobbystyles.com,20614,630,true,50521295,false,false,"ÜT: 40.740227,-73.641004",4547,Dobby Styles,78551,user,https://x.com/DobbyStyles,DobbyStyles,Kicks Deals,KicksDeals,false,false,true,false,0,0,"@KicksDeals Just picked up two pairs of Air Max React 270”s out of Champs Sport for 90$ 

Super Blessing!!!!!"
false,true,"A Sneaker Cleaner. Made for Sneakerheads, Designed by Sneakerheads",puresneakercleaner.com,201,5,false,1253126962924707842,false,false,"Beaverton, Oregon",243,Pure Sneaker Cleaner,394,user,https://x.com/PureSNKRCleaner,PureSNKRCleaner,Yankeekicks,Yankeekicks,false,false,false,false,267,11,"Thoughts on the UNION Air Jordan 2? Are these a cop or not? 
 : @Yankeekicks https://t.co/0Bjfi7TYo2"
false,true,"Supporting grassroots, actions-led movements to build a just world beyond fossil fuels.   
https://t.co/K254PVKDAs
linkt.ree/oilaction",oilgasaction.org,2068,653,false,1362098386694901762,false,false,California,330,Oil and Gas Action Network,1288,user,https://x.com/oil_action,oil_action,Shell,Shell,false,false,false,false,279,9,"Huge week for Fossil Fuel Resistance - people power will end #FossilFuels!

 ☛ In Scotland, the #StopCambo campaign forces @Shell out

 ☛ In Virginia, #StopMVP pushes the Air Board to deny the Mountain Valley Pipeline

 ☛ In Oregon, the Jordan Cove LNG terminal admits defeat https://t.co/Xd0MhAZSHK"
true,true,Gonna be a great day☀️But first: Coffee☕️,,974,66,true,4911813076,false,false,"Chicago, IL",927,ChicagoCesar,1413,user,https://x.com/ChicagoCesar,ChicagoCesar,SNKR_TWITR,snkr_twitr,false,false,false,false,342,10,"#MailCall s/o @snkr_twitr 
*Restock ⚡️⚡️⚡️

Air Jordan 4 “Lightning” https://t.co/mNX7IKWLcJ"
false,true,The Premier Spot For The Latest Footwear & Apparel! Monday- Thursday: 11am-7pm Friday-Saturday:10am-8pm. Sunday: 12pm-6pm #leebaron,leebarononline.com,519,1716,false,145427370,false,false,Huntsville Texas,2042,Lee Baron Fashions,3386,user,https://x.com/leebaron2,leebaron2,,,false,false,false,false,2,0,"The Air Jordan 1 Retro High OG ‘Craft’ is set to release this Saturday (12/18/21) at Lee Baron. 

Mens sizes:8-13 $170

Grab your guaranteed ticket in store now! https://t.co/Wk9V1wmBCa"
true,true,FILIPINO PRIDE  Father of 2 beautiful girls! Sneakers are my love! Size 11! Chicago Bulls! Chicago Cubs!,,41242,2257,true,519182562,false,true,"Illinois, USA",2203,King Felix,51544,user,https://x.com/King_Felix092,King_Felix092,,,false,false,false,false,128,25,"MY SNEAKER OF THE YEAR! Jordan Retro 6 Carmines! Waited a very long time for Nike Air Logo! #WearYourKicks #Carmines #MyTrueLove 

What’s on y’all feets today? https://t.co/BPrfaky9jc"
false,true,IG: DeadStockDMV -For shoe request  #TeamFollowBack  We BUY Shoes  #1 Sneaker Store In Maryland We Ship Worldwide https://t.co/p1yOycA8kl,DeadStockDMV.com,791,1554,false,401745452,false,false,New York,1259,DeadStock DMV ️,27797,user,https://x.com/Deadstock_dmv,Deadstock_dmv,,,false,false,false,false,10,1,"Releasing Dec 30th The Air Jordan 1 High Bred Patent features black and red patent leather upper with signature weaved Nike Air tongue labels. From there, a classic Wings logo on the collar and a white with red Air sole complete the retro design. 

Shop https://t.co/LyfCZs7Q7h https://t.co/Qo20gjcApW"
false,true,IG: DeadStockDMV -For shoe request  #TeamFollowBack  We BUY Shoes  #1 Sneaker Store In Maryland We Ship Worldwide https://t.co/p1yOycA8kl,DeadStockDMV.com,791,1554,false,401745452,false,false,New York,1259,DeadStock DMV ️,27797,user,https://x.com/Deadstock_dmv,Deadstock_dmv,,,false,false,false,false,0,0,"Deal of the day‼️
Air Jordan 11 Retro Cool Grey 
Size 8 only $350 Brand New

6815 Springfield Mall Springfield, VA 22150 
https://t.co/LyfCZs7Q7h 
202-746-2767 https://t.co/n25udFxG1q"
true,false,follow my Instagram @thebk_kaz and @reshvpeproject,,9996,296,true,18754057,false,false,"Buffalo, NY",1584,ŸÜÑG GÄWD,56434,user,https://x.com/TheBK_Kaz,TheBK_Kaz,,,false,false,false,false,1,2,"Deadstock Air Jordan 1 Royal for sale sz 11 @ Buffalo, New York https://t.co/MnbcAnIHHg"
true,true,"Look up the title of Nas’~God’s Son~Track #3, read it to yourself, then imagine Nelson’s laugh from The Simpsons.",instagram.com/h.h.harrow?utm…,15701,171,true,2321169731,false,false,"New York, NY",942,Lukewarm Lullabies in Yo Left Ear,6896,user,https://x.com/OG_Tracy_Dickin,OG_Tracy_Dickin,,,false,false,false,false,3,0,"The adidas Forum ‘84 could’ve easily been the Air Jordan 1, had MJ signed with adidas—a shoe he wore for the US Olympic trials in ‘84. 

In some respects, you can see similar design elements as the Nike AJ 1, and in this CW, I def see it more.

What if this was the AJ 1?Thoughts? https://t.co/YP3bIHDF8b"
false,true,We have a story to tell.,wishatl.com,1629,721,true,23981826,false,false,Little 5 Points Atlanta,5679,WishATL,12322,user,https://x.com/WishATL,WishATL,,,false,false,false,false,9,2,"#ComingSoon The Air Jordan 1 High OG ‘Patent Bred’ —$170 arrives on 12.30.21.
-
Visit https://t.co/ZmysWkx05X now to enter the raffle for your chance to purchase.

GA RESIDENTS ONLY. ONE WINNER PER HOUSEHOLD. ONE ENTRY PER PERSON. 

Raffle closes at 5 PM EST. https://t.co/qDQQNjANu7"
true,false,Instagram @tygotkiccks,,5529,46,true,934888083341889538,false,false,"North Carolina, USA",112,BUY & SELL,266,user,https://x.com/ChosenSnkrs,ChosenSnkrs,,,false,false,false,false,3,0,"Air Jordan 9 Retro Racer Blue
Size: 9.5
Condition: Good
Price: $100 https://t.co/y585PYD9MA"
true,false,Cubs - Jayhawks - Music of all kinds - JJ Watt’s #1 fan - Tacos - Bourbon -- I'm here to stay so get comfortable!,,51275,719,true,1007610960,false,false,"Overland Park, KS",5888,Beverage Gremlin ☕️,47111,user,https://x.com/rock_chalk_sara,rock_chalk_sara,,,false,false,false,false,3,2,All you mid-haters calm down. I love my first pair of Air Jordan 1s. ❤️ https://t.co/pRcWunwFIN
true,false,Instagram @tygotkiccks,,5529,46,true,934888083341889538,false,false,"North Carolina, USA",112,BUY & SELL,266,user,https://x.com/ChosenSnkrs,ChosenSnkrs,,,false,false,false,false,2,1,"Air Jordan 14 Retro Lipstick
Size: 10
Condition: New
Price: $265 https://t.co/Z2AhsSACue"
false,true,IG: DeadStockDMV -For shoe request  #TeamFollowBack  We BUY Shoes  #1 Sneaker Store In Maryland We Ship Worldwide https://t.co/p1yOycA8kl,DeadStockDMV.com,791,1554,false,401745452,false,false,New York,1259,DeadStock DMV ️,27797,user,https://x.com/Deadstock_dmv,Deadstock_dmv,,,false,false,false,false,1,0,"Air Jordan 4 Retro Union Guava Ice ‼️
Size 8.5 $750 Brand new 
https://t.co/LyfCZs7Q7h 
6815 Springfield Mall Springfield, VA 22150 
202-746-2767 https://t.co/1d9awfrAFP"
false,true,"But I live my life righteously that's why at night, I go right to sleep snap/IG- Jsemedo5  #RIP3 #RIPMelo #RIPDuce #Pawtucket #Celtics DYN",,837,745,false,254896616,false,false,"Pawtucket, RI",7325,Jerry S.,161776,user,https://x.com/jsemedo5,jsemedo5,Nice Kicks,nicekicks,false,false,false,false,3,1,I actually like these RT @nicekicks: On-foot with the upcoming “Craft” Air Jordan 1 High OG dropping December 18.  https://t.co/eVZ96wHI2N
false,false,"He/Him 

 Handmade Tech Reviews.

Active on:
 https://t.co/GZlyU1S97a
 https://t.co/KaoNx21cq6 
 https://t.co/UIjzVPDZwY 
 https://t.co/1roI18unSg",YouTube.com/iPhonedo,6451,256,true,82401926,false,false,California,4904,Faruk  ᴵᴾᴴᴼᴺᴱᴰᴼ,10104,user,https://x.com/iPhonedo,iPhonedo,,,false,false,false,false,333,9,"Air Jordan 1 Craft in the house!

: 13 Pro https://t.co/3WEQgRzoKk"
false,true,#1 Public Golf Course in PA,oldestonewall.com,1412,156,true,989913922487668738,false,false,"Ellwood City, PA",101,Olde Stonewall Golf Club,269,user,https://x.com/OldeStonewall,OldeStonewall,,,false,false,false,false,7,1,"Dropping December 22nd, Nike Air Jordan 4 Bred Golf Shoes! Limited quantities and sizes available, call the golf shop ASAP! #airjordan #belikemike @nikegolf https://t.co/IAPusfZMah"
false,true,Saltwater aquarium enthusiast and a ninja 40+ Twitter #rolltide #girldad #taken #wutangforever  #father #PSU #virgo ENTJ $bohannibal #FearTheDeer,,127983,10086,true,132045733,false,true,Portland  United States,14751,J.D. Walker,64748,user,https://x.com/bohannibal,bohannibal,,,false,false,false,false,2,1,Click here to support Air Jordan 1 High OG 'Banned Patent Leather' organized by  https://t.co/Jm8Ge0bg3J #GoFundMe
true,false,Es-kei-ter✌| @clazzieee,twitch.tv/iSk8errr,5438,947,true,397197585,false,false,"Florida, USA",799,iSk8errr,7356,user,https://x.com/iSk8errr,iSk8errr,,,false,false,false,false,4,2,"Nike Air Max 90 NRG Bacon (2021) 

❤️ https://t.co/NyHPTFVQCP"
true,true,God First - Family Man - Father - Sneakerhead -,,69076,1981,true,492963584,false,false,Ohio,1244,Smoker’D,21066,user,https://x.com/Smokerdee330,Smokerdee330,,,false,false,false,false,28,2,"Looking to help out a couple ppl for basically retail + ship + ship 

DS Nike Air Max 90 Bacon
Size 10 
$165 shipped 

DS Jordan 11 Low UNCs 
Size 10 
$200 Shipped 

@RetailOop https://t.co/3FFNc04pFF"
true,true,"Father of my lil princess Vivianna, family, Latino, Cowboys 4 life, Live in Colorado but love my home state of Arizona! Republican party is ☠️☠️.",,35053,889,true,2738508977,false,false,"Parker, CO",288,wolfyaz,1595,user,https://x.com/wolfyaz,wolfyaz,,,false,false,false,false,0,0,#AirMaxDay My go to Nike Air Max 90 playa playas!! https://t.co/8s0CLC1Ybq
true,true,Papi | Photographer | Veteran |. I shoot things. #snkrtwitter #panamatwitter #photographer #respectmelshooter https://t.co/3Rqn702qRD,respectmelshooter.com,31519,1760,true,1125979762462056448,false,false,"Fayetteville, NC",1128,Ramelito,7510,user,https://x.com/mellybynature_,mellybynature_,,,false,false,false,false,2,0,Nike Air Max 90 “Go the Extra Smile” #respectmelshooter https://t.co/ncJbp7Kp5T
true,false,SneakerHead (size 11.5) & MY LIFE;  Texas/Virginia is HOME; US ARMY VETERAN,instagram.com/jayakashine,6185,1003,true,4676076134,false,true,"Killeen, TX",2313,Jason Da MoonMan,7097,user,https://x.com/jayakashine,jayakashine,,,false,false,false,false,4,0,#MailCall  another trade done &amp; complete thanks to TradeBlock  Got the Nike SB Dunk Low “Pink Pig”  &amp; the Nike Air Max 90 NRG “Bacon” (2021) Love me some pork!!  #tradeblock #pork #tradeblockus https://t.co/x2Ve70DPMb
false,true,"Brooklyn Bred. Born and raised in the  Southside Williamsburg neighborhood of Los Sures, B4 the gentrification. Resident of the upper westside, Manhattan, NY.",,628,139,true,225327496,false,false,New york,44,Roy Rivera,2993,user,https://x.com/RoyRuger,RoyRuger,,,false,false,false,false,0,0,Nike Air Max 90 Camo. Croc. @ Upper West Side https://t.co/zXoQRgzFh5
true,false,Helping you market in Web3  | Ambassador: @LegacyNetworkio | D,substack.com/@heyyogb,118742,1230,true,190068224,false,true,Marketing Newsletter,9522,GB£,139660,user,https://x.com/HeyYoGB,HeyYoGB,,,false,false,false,false,0,0,"Nike Air Max 90 “Bacon”  

size 7.5 for sale  https://t.co/Lu3gO3f4as"
true,true,BㅌiNG MysㅌLF,facebook.com/Arvinshouse,0,419,true,1393431606870745090,false,false,California,732,Arvin's house,5560,user,https://x.com/ArvinsHouse,ArvinsHouse,,,false,false,false,false,0,0,NIKE AIR MAX 90 PRM add these to my collection https://t.co/t5C0U9bFE3
true,false,"Creative, Artistic Director, Storyteller, Documentarian Filmmaker https://t.co/AFWkV1WWXT",byakioevans.com,6537,560,true,318100547,false,false,"Baltimore, MD",1944,Akio Evans,8265,user,https://x.com/AkioEvans,AkioEvans,,,false,false,false,false,0,0,"Unveiling Akio’s Nike Air Max 90 Creating Art that touches heARTs shout out to Will Fit and his family for hiring me for this special commission piece and trusting that I could bring this concept to light. Stay tuned for pictures and a vlog by Will 
https://t.co/aqKaXFYZpP https://t.co/USSs75oFxD"
false,true,"Instagram: shawn_mill3r

From Long Beach /
Now living in Los Angeles

Sports Betting & More",,33,486,false,1390333148722962432,false,false,California,7,Shawn Miller,68,user,https://x.com/shawn_mill3r_,shawn_mill3r_,,,false,false,false,false,0,0,"Nike Air Max 90, should i get them rn? @ Nike https://t.co/QI0TxJP61z"
true,true,BㅌiNG MysㅌLF,facebook.com/Arvinshouse,0,419,true,1393431606870745090,false,false,California,732,Arvin's house,5560,user,https://x.com/ArvinsHouse,ArvinsHouse,Nike,Nike,false,false,false,false,0,0,Just got these joints @Nike Air Max 90 PRM ☮️♥️ https://t.co/F9CEhFVgS6
true,false,1% chance and 99% faith ❤️,,3413,1500,false,34090453,false,false,"Liverpool, England",1213,AD,11133,user,https://x.com/Tripleace12,Tripleace12,,,false,false,false,false,0,0,"Nike Air max 90 white/photon Dust

Ace shoe gang volume 11 @ Jacksonville, Florida https://t.co/qTo9Mv7M5d"
true,false,Don’t Talk About It. Be About It!  (1 JOHN 1:1-5)  #Suns #MUFC⚪️⚫️ #BirdGang,,10323,577,true,22729122,false,false,P-Town ☀️,1118,Brian Keith,10652,user,https://x.com/realBrianKeith,realBrianKeith,Diamond Supply Co.,diamondsupplyco,false,false,false,false,0,0,"#SundayService 
-
: @mattkeith5360 
T- @diamondsupplyco 
Kicks - @nike Air Max 90 @ Northwest Community Church (NCC) https://t.co/nowFPmzWQX"
true,false,"7️⃣3️⃣0️⃣0️⃣   

  Oakland A's  ⚾ Oakland Raiders  Golden State Warriors  4 Life.",,8620,865,true,1114499545159725056,false,false,California,2678,Living And Loving Oakland,10296,user,https://x.com/EastOakland73rd,EastOakland73rd,,,false,false,false,false,0,1,I love Nike Air Max 90 my favorite shoes of all time
true,true,Shoe Store,,6,42,false,501278915,false,false,"Denver, CO",11,Sole St. Shoes,653,user,https://x.com/solestreetshoes,solestreetshoes,,,false,false,false,false,0,0,Nike Air Max 90 Premium “Aqua tone” Now Available in men’s sizes 8-13. @ Sole St. Shoes https://t.co/P13bxYSMMO
false,true,Join the  culture by following,,50,13,false,1435506664275337217,false,false,"Beaverton, Oregon",19,The Culture,70,user,https://x.com/TheCultureSnkrs,TheCultureSnkrs,,,false,false,false,false,0,0,"Nike Air Max 90 SE Swoosh Mart
Coming up soon
or @ Sneakers World https://t.co/OiDGus5nSv"
false,true,"Glory 2 God. Car Sales, Owner/Founder GalaxyBullKennels, Photographer, ASU ALUM",instagram.com/galaxybullkenn…,49718,1264,true,2949272210,false,false,"San Angelo, TX",312,Nick Ellisor,21239,user,https://x.com/2fast200,2fast200,Nike,Nike,false,false,false,false,13,1,"I think I’m getting pretty nice with this camera, what yall think?
@Nike @nikesb @CanonUSA #JUSTDOIT #Nike #Canon https://t.co/Qoprdg8LZJ"
true,false,The Game Is The Game           #RaiderNation #LakeShow,,8077,1620,true,50471380,false,false,STOCKTON,2834,,48333,user,https://x.com/_ItzELO,_ItzELO,,,false,false,false,false,9,1,Out here looking like a sponsored athlete #JustDoIt https://t.co/Z2g6E32P9Y
true,true,"Hobbyist Nature/Landscape Photographer , Actor and Animal Lover. All photos are mine except RT’s. I hope they make you smile.✌",,53852,1379,true,1308772668,false,false,Oregon,5115,Danita Hamel,26673,user,https://x.com/danitahamel,danitahamel,,,false,false,false,false,32,2,"Growth often comes from taking a leap of faith.‍♀️
#JUSTDOIT #Jump #NaturePhotography #landscape https://t.co/Gr5NQzNjTG"
true,true,"Fondateur et Président du Groupe ProFin, des sociétés regroupées dans une alliance pour la modernisation de la finance haïtienne et l'inclusion financière",,4938,281,true,64001872,false,false,"Beaverton, Oregon",704,Robert Paret Jr.,3769,user,https://x.com/rparet,rparet,,,false,false,false,false,15,0,Small actions may lead to such big results!!! #Action #JustDoIt https://t.co/In4c9lgdux
true,true,It does not matter how slowly you go as long as you do not stop. . . @Unspoken.Visuals Rmorris024,instagram.com/unspoken.visua…,10015,454,true,1873348268,false,false,Delaware,1339,Rufus Morris,7010,user,https://x.com/Raise_DaRoofus,Raise_DaRoofus,,,false,false,false,false,2,0,Still got an ugly swing but been working on interlocking my fingers. Hit the green 11 of out 18 times today ‍♂️ #JustDoIt https://t.co/GLCT3p6tPh
false,true,AJ Johnson Founder & CEO/ Director of Performance & Recovery.. YOU ARE VALUABLE...,recovery.onebodybyaj.com,438,2341,true,257502830,false,false,Oxford MS,8276,ONE BODY By AJ Recovery Center,10402,user,https://x.com/AJOneBody,AJOneBody,Marley Cook,marl3ycook57,false,false,false,false,6,0,"ONE BODY By AJ is Blessed to have the opportunity to train @marl3ycook57 ..
This goin to be a Great journey 
 @MT_FB 
#onebodybyaj #athletes #faith #speed #athlete #justdoit #football #personaltrainer #fitness #blueraiders #NFL #collegefootball
https://t.co/Soehhif5HE https://t.co/1iBjSwBaqx"
false,true,Don’t stop believing in yourself,music.apple.com/us/album/eleva…,5865,149,true,3051942629,false,false,Highest in the room,36,^_^,2531,user,https://x.com/mxnche,mxnche,iknowNOEQUAL,Samycoconut,false,false,false,false,2,1,Did an ad for Nike no big deal #justdoit @Samycoconut https://t.co/uzKLXV8uBp
false,true,Creative dabbling in a little bit of this and a little bit of that.... Coffee Shop Owner- Voice Over Artist - Actor - Visual Artist,,167,445,false,1345725900407640065,false,false,"Birmingham, AL",14,Jill Marlar,109,user,https://x.com/JillMarlar,JillMarlar,,,false,false,false,false,2,1,Ran 3 miles last night and it’s been 20 years or more. Wanted to quit and cried halfway but there was a sister by my side and in my ear every step until the very end #womenscrewwednesdays #running #justdoit #women https://t.co/ZhSJpGeiOO
false,true,"architect, humorous critical thinker, bee keeper, vegetarian, farmer, Town DPW Board

followed by @TeamPelosi
#Biden/Harris
#Resist
#EmbraceChange 
#FBR",bershad.com,124106,17246,true,1449478590,false,false,"Massachusetts, Wakanda",6936,Blaine Bershad  #NotMeUs,107165,user,https://x.com/BlaineBershad,BlaineBershad,,,false,false,false,false,4,0,"Vaccine mandates are nothing new
#justdoit
#GetVaccinated https://t.co/lYp9Q4WAIj"
true,false,“Through My Eyes I Learned Lessons Like Time Is Of The Essence And My Grind Got Obsessive” - @nipseyhussle #TMC,,12815,687,true,186845939,false,false,"Orlando, FL ✈️",1687,✊,113664,user,https://x.com/AuthenticRichy,AuthenticRichy,,,false,false,false,false,4,0,#KOTN Nike Blazer “Jumbo” ✔️ #JustDoIt https://t.co/PIDuG6Yz4B
true,true,@LoneBorrachos #58 Founding Member✭ @FamousSAS @_US947_ @southtexascctx @JasonJoshuapr @MangoHillRecs,famoussas.com,8638,1927,true,125908820,false,false,"Corpus Christi, TX",848,✭ Antonio Lopez ✭ (Famous),16030,user,https://x.com/FamousBorracho,FamousBorracho,Gregory-Portland Fighting Wildcat Football,GPWildcatsFB,false,false,false,false,6,0,Ray Akins Wildcat Stadium is looking good for tonight’s @GPWildcatsFB Football Game tonight! #GPWildcats #Nike #JustDoIt https://t.co/Tc7HDoKcNY
false,false,I was determined to debut or die trying - Min Yoongi/Agust D/ BTS Suga #BTSarmy,,82201,422,true,892466637785276416,false,false,California,800,Madeline Cha,3650,user,https://x.com/madelinean33,madelinean33,,,false,false,false,false,62,2,‘Be kind to others’ is an understatement. #tyrahunt instigated violence on the court.  #coribenjamin assaulted another minor on the court.  #wnba #lakers #benjaminballers #talkischeap #nike #justdoit https://t.co/XtbUy4KG2W
false,true,Dad of 3. Husband. 2021 NPC Mighty Muscle on the Mississippi Masters 40+ 1st Place men's physique.  Round Guy Radio high school sports reporter/armchair QB .,,46812,1954,true,69610084,false,false,"Danville, IA",331,Scotty Melvin,10851,user,https://x.com/melvinator76,melvinator76,,,false,false,false,false,3,0,"Had to train in my damn khakis tonight  but hey, #noexcuses #GETITDONE anyway! #JUSTDOIT #bodybuilding #gym #coupleswholift #train #weights https://t.co/L4EefXIx8z"
true,true,"Pastor,Happily Married, Navy Cook. Student at Masters College and Seminary. My tweets are my own and no reflection of my employer or school. Fl, RT, L ≠ Endors",,29058,3175,true,3013358127,false,false,"Halifax, Nova Scotia",4249,Kurt the Warship Chef,16521,user,https://x.com/kurtarnold_kurt,kurtarnold_kurt,Royal Canadian Navy,RoyalCanNavy,false,false,false,false,127,11,Tuesday is a good day for a flu shot. #flushot #getyours @RoyalCanNavy #JustDoIt https://t.co/l9bHZg35HJ
false,true,Jersey Girl. Florida World. I’m in a Love/ Hate/ Love relationship with Running. Love | lover | Chicago Bulls | ♍️ | Dog Mom ❤️,,8227,823,false,1364402683264847873,false,false,"Miami, FL",179,Rosalie,1372,user,https://x.com/RosalieJean26,RosalieJean26,,,false,true,false,false,53,3,I did it! Thank you all for the motivation..much appreciated! #justdoit #motivation #selfcare https://t.co/8oVxOaBVIG
false,false,"#Leafs #BlueJays #Cowboys #Raptors #Argos T.O. girl forever ❤️Supermen in my life; ⛳️, ‍♀️",,30934,1437,true,79814040,false,false,"Toronto, Ontario",1442,Janice C.,18044,user,https://x.com/JDCSportsfan,JDCSportsfan,raineanthonymaida,rainemaida,false,false,false,false,11,2,Reposting from @rainemaida Easy words to follow #justdoit #HappyWednesday https://t.co/gUIapawkl1
true,true,"Staff Anesthesiologist (TOH) & Assoc. Professor (uOttawa). 

Interested in Acute Pain, Difficult Airways, Bariatrics 
& my dogs Ollie & Alfie. 

Own Views.",med.uottawa.ca/anesthesiology…,20358,1419,true,2824799129,false,false,"Ottawa, Ontario",4485,"Dr. Naveen Eipe, MD",24498,user,https://x.com/NaveenEipe,NaveenEipe,"James DuCanto, M.D.",jducanto,false,false,true,false,4,1,"@jducanto @EBMgoneWILD @AirwayMxAcademy @ketaminh @NightShiftMD @EM_RESUS @FLTDOC1 @EMManchester @LeifRognas @surfingmed Like a Bungee Jump!
#JustDoIt https://t.co/iD5dSsM4Z9"
true,false,"MD/SportsMed, Associate Dean, External Relations @uottawaMed. 2020 @uOttawa Teacher of the year. 2021 @AFMC_e John Ruedy Awardee for Innovation in MedEd.",ajalali.com,72033,2705,true,104044363,false,false,"Ottawa, Canada",3853,Ali R. Jalali,54765,user,https://x.com/ARJalali,ARJalali,"uOttawa | Faculté de médecine, Faculty of Medicine",uOttawaMed,true,false,false,false,21,1,"All done! X3: AZ- Mod -Pfz
Thank you staff and volunteers @uOttawaMed @CHEO and @OttawaHospital for an exceptional COVID vaccine clinic 
#thisisourshotcanada 
#thisisourshotca 
#JustDoIt https://t.co/IGiwNBrDBV"
false,true,The best footwear store in Florida we carry the hottest inventory only @legendsmia,wherelegendsshop.com,599,27,false,1092053624312811521,false,false,"Miami, FL",6,@legendsmiami,3005,user,https://x.com/Legendsmia,Legendsmia,,,false,false,false,false,0,0,Nike Air Vapormax 360 Ghost Green sz 7.5-12  Where Legends Shop @ Legends Boutique https://t.co/IiNDncvlFB
false,true,The best footwear store in Florida we carry the hottest inventory only @legendsmia,wherelegendsshop.com,599,27,false,1092053624312811521,false,false,"Miami, FL",6,@legendsmiami,3005,user,https://x.com/Legendsmia,Legendsmia,,,false,false,false,false,0,0,Nike Air Vapormax 360 Varsity Royal sz 7.5-11.5 $175 under retail  Where Legends Shop @ Legends Boutique https://t.co/ugn4JOIrOa
false,true,The best footwear store in Florida we carry the hottest inventory only @legendsmia,wherelegendsshop.com,599,27,false,1092053624312811521,false,false,"Miami, FL",6,@legendsmiami,3005,user,https://x.com/Legendsmia,Legendsmia,,,false,false,false,false,0,0,Nike Air Vapormax 360 Vast Grey sz 11 New $160 Steall Retail was $225  Where Legends Shop @ Legends Boutique https://t.co/Ei8dv6b1JV
false,true,☁️The designer deals they don’t want you to know about✌️all our deals support charities‍☠️W: https://t.co/suKCQ0BDPu IG: https://t.co/jYSw4WbP13,ugly.wtf,444,134,false,1228085154536620032,false,false,California,463,UGLY,489,user,https://x.com/ugly_wtf,ugly_wtf,Nike,Nike,false,false,false,false,1,0,DEAL @Nike AIR VAPORMAX 360 $162 (Reg $225) https://t.co/rIXGMH6gpu‍☠️all of our deals are hand-picked by humansfor a good cause✌️ #nike #style #sneakers #sneakerhead #deal #nikevapormax #shoesaddict https://t.co/yHR9FUqAPc
false,true,"A World of Transactions, is a World in collaboration! Top Rated Online Retail store. #shoponline #sneakers #kicks",ebay.com/str/redd3413,16,506,true,768655107626074112,false,false,Atlanta,380,Red Deals Online,6737,user,https://x.com/ReddealsOnline,ReddealsOnline,,,false,false,false,false,0,0,Nike Air VaporMax 360 Triple White CK9671-100 https://t.co/vXPJclrb4T #nikeairvapormax360 #vapormax #sneakerheads #instakicks #nikerun #sneakernews #kicksoftheday #reddealsonline #ebaystore #authentickicks #explorepage https://t.co/LRNt8LNLk3
false,true,"im just a simple man from iowa. now i put ok videos on youtube and bad photos on instagram. 
https://t.co/RDcNxi5OLJ",youtube.com/shoesupsleeves…,67,99,true,1238848004280463361,false,false,"Virginia, USA",900,shoesupsleevesdown,1247,user,https://x.com/susd4life,susd4life,,,false,false,false,false,2,0,"wish these were was made of something else. or maybe just made differently. for whatever reason it's not as comfortable as it could be. but still ranks pretty high because the air max 360 got me into buying shoes.
https://t.co/OP6VMyHARk
#airmax #vapormax #vapormax360 #airmax360 https://t.co/KVfzQkzMHq"
true,false,YouTuber . IG: thelovelyzoeee  this is my internet diary,youtube.com/@TheLovelyZoeee,1746,486,true,2749710241,false,false,Atlanta,363,Zoe Conley,10203,user,https://x.com/thelovelyzoeee,thelovelyzoeee,The Drop Date,thedropdate,false,false,false,false,0,0,360 Degree Protection with the Nike Air VaporMax Run Utility https://t.co/k8MXdENZRE via @thedropdate
false,true,"The Midwest's leading sneaker, apparel & lifestyle shop • Short North- 846 N High St Columbus, OH 43215  • 6142992290",soleclassics.com,3236,252,false,19550141,false,false,"Columbus, OH",1963,Sole Classics,15087,user,https://x.com/SoleClassics,SoleClassics,,,false,false,false,false,0,0,• Nike Air Vapormax 360 (Metallic Silver) now available at both locations and online at https://t.co/gFtq4E1H5Q. Retail $225. Sizes 8-13 available. @ Sole Classics https://t.co/kxcFHQHGAP
false,true,"The Midwest's leading sneaker, apparel & lifestyle shop • Short North- 846 N High St Columbus, OH 43215  • 6142992290",soleclassics.com,3236,252,false,19550141,false,false,"Columbus, OH",1963,Sole Classics,15087,user,https://x.com/SoleClassics,SoleClassics,,,false,false,false,false,0,0,• What’s on your feet this Saturday? Tag us to your shoe pics. The Air Vapormax 360 is now available. Shop Sole Classics. @ Sole Classics https://t.co/HCmK6VpCXt
false,true,"The Midwest's leading sneaker, apparel & lifestyle shop • Short North- 846 N High St Columbus, OH 43215  • 6142992290",soleclassics.com,3236,252,false,19550141,false,false,"Columbus, OH",1963,Sole Classics,15087,user,https://x.com/SoleClassics,SoleClassics,,,false,false,false,false,0,0,"• A twist on an icon, the Nike Air Vapormax and Air Max 360 are forged together to create one of the best reinterpretations of a classic that we have seen in some time. Might we add that they’re wearing a very… https://t.co/4cvlrXfbYH"
true,false,"IDC, beloved. TMC",EAD.COM,205404,864,true,38250742,false,false,"Home of the greatest, NY",10499,Daemonesha Targaryen,495441,user,https://x.com/PlainJaneDee_,PlainJaneDee_,,,false,false,false,false,0,0,I bought the air max 360 vapormax this morning for 168. on the snkrs app I just went back on there &amp; now they’re 201. Nike be getting ppl
true,true,a a m u | ig: @faithlaureng,,9004,238,true,3691568543,false,false,"Montgomery, AL",40,Faith G,1357,user,https://x.com/doitforlau,doitforlau,,,false,false,false,false,592,2,“She’s just a freshman” but I still run The Hill. #AAMU #aamu25 #nike #yardrunner https://t.co/0s6xfdRPRh
true,true,Brooklyn girl ♏️ “I’ve loved and I’ve lost” #coleworld #snkrs 6.5 #NewYorkForever #RepBX #chickswithkicks #shegotkicks ☺️  #todaysfeets ✌,,23959,919,false,62698572,false,false,"Brooklyn, NY",1376,ver2thaonica,11874,user,https://x.com/ver2thaonica,ver2thaonica,,,false,false,false,false,324,10,A little late but secured ✔️ #blessed #mailcall #snkrs #nike #airmax https://t.co/jgYZ6I3Fq0
true,true,"Tackling educational inequities through sneakers, scholarships, and educational programs. 501(c3) Tax-Exempt Non Profit.",linktr.ee/pasosforoc,1274,77,false,1290315735135326213,false,false,"Dallas, TX",567,Pasos for Oak Cliff,1434,user,https://x.com/PasosforOC,PasosforOC,Nike,Nike,false,false,false,false,37,3,"Teacher of the Year &amp; Sneakerhead 

Announcing our co-founder’s title as Teacher of the Year 

@nike @Jumpman23 @nicekicks @ComplexSneakers @kicksonfire @SoleSavy 

#pasosforoc #sneakers #nike #jordan #sneakerteacher #teacheroftheyear #offwhite #kicks #education https://t.co/WuRv7x4W1u"
true,true,Brooklyn girl ♏️ “I’ve loved and I’ve lost” #coleworld #snkrs 6.5 #NewYorkForever #RepBX #chickswithkicks #shegotkicks ☺️  #todaysfeets ✌,,23959,919,false,62698572,false,false,"Brooklyn, NY",1376,ver2thaonica,11874,user,https://x.com/ver2thaonica,ver2thaonica,SNKR_TWITR,snkr_twitr,false,false,false,false,580,23,#MailCall @snkr_twitr thanks for the early access link!!  these are absolutely GORGEOUS in hand! #snkrs #nike #aj1 https://t.co/h0sPbC1jj4
false,true,Curator of beautiful and stylish things. Passionate about sneakers  and fashion.  A lover of all objects aesthetically pleasing.,,106513,1515,true,2913741007,false,false,California,14198,Caribbean Rhythms,31577,user,https://x.com/wassystyle1,wassystyle1,,,false,false,false,false,99,14,mission completed #YourSneakersAreDope #nike #patta #airmax https://t.co/8XkywcZTSR
true,true,IMG ACADEMY 6’1 170 Pound Point Guard 4.0 GPA text 9495052869 email mercadelcameron12@gmail.com,youtu.be/6zyWHbLRLA0?si…,20098,4448,false,187449068,false,false,California,351,Cameron Mercadel Class of 2024,1983,user,https://x.com/hmercadel,hmercadel,Coach Greg Hoyd Jr,P4E_CoachHoyd,false,false,false,false,15,2,SCARY HOURS IN THE LAB  #basketball #dunk #skills #workout #ScaryHours #flightschool #nike #adidas #CollegeBasketball #gym #plyometrics #Training #GRAMMYs #sports @P4E_CoachHoyd @P4E_Recruiting @WhistleSports @overtime @Pdouble_33 https://t.co/SS1cSfYAlm
true,true,Brooklyn girl ♏️ “I’ve loved and I’ve lost” #coleworld #snkrs 6.5 #NewYorkForever #RepBX #chickswithkicks #shegotkicks ☺️  #todaysfeets ✌,,23959,919,false,62698572,false,false,"Brooklyn, NY",1376,ver2thaonica,11874,user,https://x.com/ver2thaonica,ver2thaonica,,,false,false,false,false,162,7,Today’s feets… only pair of low AJ1’s I own. #snkrs #aj1 #nike #shegotkicks  #todaysfeets https://t.co/Dbjei5CrQa
false,false,Artist.   “Not A Real Person. Just an Idea.”,squalla08.com,2689,244,true,626037292,false,false,NoWhere.,80,Squalla_08,655,user,https://x.com/EwwMushyNoodles,EwwMushyNoodles,,,false,false,false,false,3,0,"“SQUALLA SB” BTS  -“I’m trying to do this bih in one take or something...” 
•
•
•
#squalla08 #squalla08art #artist #illustraion #nike #art #blackart #madewithbadart https://t.co/crkTsNjyDN"
false,true,Trendsunder10,,93,117,false,1270810708108652544,false,false,"Beaverton, Oregon",21,AsifChishti7,164,user,https://x.com/Chishti7Asif,Chishti7Asif,Elon Musk,elonmusk,false,false,false,false,3,1,#Beastmodeon #fitnessmotivation #disabledathlete #fitness #Nike #Puma #Addidas @elonmusk  to the #Mars #SpaceX https://t.co/POV3aap28c
true,true,"Hello and welcome, to the ORIGINAL Let’s Talk Knicks podcast! Where we talk Knicks basketball and other news around the NBA. With Jason and Marcus.",soundcloud.com/user-307325834…,4604,1603,false,1241347393334972417,false,true,"Brooklyn, NY",462,Let’s Talk Knicks Podcast,2922,user,https://x.com/LetsTalkKnicks,LetsTalkKnicks,,,false,false,false,false,238,42,Just came across this. Could be a new “city” alternate (with numbers)? How we feel about it?  #knicks #nyc #nyknicks #nike #NewYorkForever https://t.co/Ww0COA044B
false,true,Let the beauty of what you love be what you do❣️Sneak Freak—sz 8.5W/7M | Sports Fanatic | ♡,,28012,2117,true,608760322,false,false,"Denver, Colorado",3102,FootballChick♡,6855,user,https://x.com/tsquared529,tsquared529,,,false,false,false,false,47,7,"I’m into Monday’s.. well AirMax90 Monday’s ♥️

AirMax Assassination for the day complete 

♡

#KOTD #Nike #AirMax90 #femalesneakerhead #YourSneakersAreDope #ANMLthebrand #SneakerWarriors #SneakerWarriorsQueen https://t.co/Xc4b5naBsb"
false,true,Tesla Driver  | Crypto & Stock Fan | Fortnite Gamer | Husband & Dad | #CryptoCowboy https://t.co/RY0FzjTF7R | Future Millionaire Content Creator,feltmeltshooter.com,314,149,false,1240407852897824768,false,false,California,249,Felt Melt Shooter,635,user,https://x.com/feltmeltshooter,feltmeltshooter,Lady of Crypto,LadyofCrypto1,false,false,false,false,5,0,How come the #metaverse don’t give people legs and feet. I guess those #nike mags #nfts are a worthless buy if I am not going to have feet ‍♂️ @LadyofCrypto1 will we have legs or no in #meta not that you work there or anything.  https://t.co/83Wob14Sfc
true,false,"Coach/AAU Coach. GOD. Determined, Motivated, Blessed! 2016 NAIA National Player of the Year",,10511,160,true,2819287435,false,false,"Kentucky, USA",664,Burd,7698,user,https://x.com/32burd,32burd,,,false,false,false,false,18,1,#jordan #Nike SNKRS https://t.co/M3BrJYRJ7F
true,true,GHOST MODE- 3.24-6.03 (Do Very Hard Things 100 Day Challenge (Subscriber Only Posts) I ran 153 daily Marathons-⚡️,,80041,34976,true,66807863,false,true,Semi-Professional Ultra Runner,9448,Dr. Malachi - (Dr. Run),50891,user,https://x.com/malachiobrien,malachiobrien,,,false,false,false,false,241,351,"#NewProfilePic

The Unofficial #nike #RTFKT #POAP 

Is here. 

(This Day In History Series) 

DM or Comment if you want one. Be patient but I will get you a code. 

Today is historic in the #Metaverse #NFT 

2022 Goal- Give away 1M POAPS https://t.co/17gZOJZi1z"
false,true,26 years in Professional Hockey. AEMA Certified. Owner of Settlemyre Skate Sharpening. New Hockey Pod @nastyknuckles IG @ dnastyworld @ settlemreskatesharpening,settlemyreskatesharpening.com,4300,377,false,971814401014747136,false,false,"Voorhees, NJ",44,"Derek Settlemyre  E.M., C",654,user,https://x.com/dnastyworld,dnastyworld,Nasty Knuckles,NastyKnuckles,false,false,false,false,18,0,Don’t miss @NastyKnuckles Episode #46 with @Simmonds17 #swag #fedorov #nike https://t.co/82rG0mAfJ1
true,true,#LSU Alumnus | New Twitter | ig: @londanj,,3073,1039,true,1034171241089982465,false,false,"Houston, TX",73,Londan Cade'l,5841,user,https://x.com/L_jimer9,L_jimer9,,,false,false,false,false,6,0,And we back                                        #habits365 #nike #explore https://t.co/jiJNIM6aWA
false,true,Visual production arm of @BayLaurelCo • #ChasingGlory,BayLaurel.co,23819,17982,true,2357163157,false,false,"Minneapolis, MN",4627,Bay Laurel Video,37133,user,https://x.com/BayLaurelVideo,BayLaurelVideo,Apple Music,AppleMusic,false,false,false,false,11,0,"#NIKE by KYLE SKYE is #NowPlaying on @AppleMusic! 

 https://t.co/bnu8Kpoldw 

#KyleSkye • #AppleMusic • #Rap https://t.co/GStL4mFUEI"
false,true,Spotlighting athlete* and  stories,nike.com,7060,120,true,415859364,false,true,"Beaverton, Oregon",3313,Nike,38807,user,https://x.com/Nike,Nike,Nike Basketball,nikebasketball,false,false,false,true,7940,115,"RT @nikebasketball: You can fight through anything.

Especially screens.

#Kobe #MambaMentality #ThatsMamba⛹‍♂️ https://t.co/ZLTCIYNZox"
false,true,Spotlighting athlete* and  stories,nike.com,7060,120,true,415859364,false,true,"Beaverton, Oregon",3313,Nike,38807,user,https://x.com/Nike,Nike,Nike Basketball,nikebasketball,false,false,false,true,3064,59,"RT @nikebasketball: Win or lose—we work. Especially if we lose.

#Kobe #MambaMentality #ThatsMamba https://t.co/erTxvulhhr"
false,true,Spotlighting athlete* and  stories,nike.com,7060,120,true,415859364,false,true,"Beaverton, Oregon",3313,Nike,38807,user,https://x.com/Nike,Nike,Nike Basketball,nikebasketball,false,false,false,true,5271,95,"RT @nikebasketball: The club closes.

The gym doesn’t.

#Kobe #MambaMentality #ThatsMamba https://t.co/Yd25iJf2fT"
false,true,Spotlighting athlete* and  stories,nike.com,7060,120,true,415859364,false,true,"Beaverton, Oregon",3313,Nike,38807,user,https://x.com/Nike,Nike,Nike Basketball,nikebasketball,false,false,false,true,7827,156,"RT @nikebasketball: Are you going to put in reps or excuses?

#Kobe #MambaMentality #ThatsMamba https://t.co/BWQoKBdrcz"
false,true,Spotlighting athlete* and  stories,nike.com,7060,120,true,415859364,false,true,"Beaverton, Oregon",3313,Nike,38807,user,https://x.com/Nike,Nike,Nike Basketball,nikebasketball,false,false,false,true,4816,90,"RT @nikebasketball: Difficult times teach you who you are, but more importantly, what you have the power to rise from. And nothing stops a…"
false,true,Spotlighting athlete* and  stories,nike.com,7060,120,true,415859364,false,true,"Beaverton, Oregon",3313,Nike,38807,user,https://x.com/Nike,Nike,,,false,true,false,false,507,91,Game recognizes Game
false,true,Spotlighting athlete* and  stories,nike.com,7060,120,true,415859364,false,true,"Beaverton, Oregon",3313,Nike,38807,user,https://x.com/Nike,Nike,Nike Basketball,nikebasketball,false,false,false,true,5059,101,"RT @nikebasketball: ""It’s hard to play well, but it’s easy to work hard”
 
Congrats KD on entering the NBA top  all-time regular season sc…"
false,true,Spotlighting athlete* and  stories,nike.com,7060,120,true,415859364,false,true,"Beaverton, Oregon",3313,Nike,38807,user,https://x.com/Nike,Nike,COACH PRIME,DeionSanders,false,false,false,false,8140,269,"""Dreams don’t happen overnight…you gotta run dreams down.”- @DeionSanders 

#JustDoIt https://t.co/FbWV3FioKh"
false,true,Spotlighting athlete* and  stories,nike.com,7060,120,true,415859364,false,true,"Beaverton, Oregon",3313,Nike,38807,user,https://x.com/Nike,Nike,RTFKT,RTFKT,false,false,false,false,2516,370,"The drop is now live. The @RTFKT x Nike Dunk Ghost and Void editions are now available for pre-order at https://t.co/nVV3ffzdjv.

Oops, you stepped into the future! https://t.co/g28DMjV3wK"
false,true,Spotlighting athlete* and  stories,nike.com,7060,120,true,415859364,false,true,"Beaverton, Oregon",3313,Nike,38807,user,https://x.com/Nike,Nike,Megan Rapinoe,mPinoe,false,false,false,false,1500,97,"Her greatness on the pitch was only matched by greatness off of it. @mPinoe, Job Well Done. https://t.co/rkO8idoY6s"
false,true,Spotlighting athlete* and  stories,nike.com,7060,120,true,415859364,false,true,"Beaverton, Oregon",3313,Nike,38807,user,https://x.com/Nike,Nike,Springboks,Springboks,false,false,false,false,6525,164,"When we believe as one, it brings victory for all.

Congratulations @Springboks, the new World Champions and the first men's rugby team in history to do it four times.

A big win and an even bigger victory for every South African. https://t.co/cGUn1zte3x"
false,true,Spotlighting athlete* and  stories,nike.com,7060,120,true,415859364,false,true,"Beaverton, Oregon",3313,Nike,38807,user,https://x.com/Nike,Nike,Nike Basketball,nikebasketball,false,false,false,true,1151,105,"RT @nikebasketball: It has a sound, a soul, a rhythm, a heartbeat. It breathes life into driveways, alleys, playgrounds. From Brooklyn to B…"
false,true,Spotlighting athlete* and  stories,nike.com,7060,120,true,415859364,false,true,"Beaverton, Oregon",3313,Nike,38807,user,https://x.com/Nike,Nike,Nike Basketball,nikebasketball,false,false,false,true,5760,239,"RT @nikebasketball: Make that two for 2️⃣2️⃣.

Congratulations @_ajawilson22 on winning back-to-back WNBA championships and your first Fina…"
false,true,Spotlighting athlete* and  stories,nike.com,7060,120,true,415859364,false,true,"Beaverton, Oregon",3313,Nike,38807,user,https://x.com/Nike,Nike,Nike Basketball,nikebasketball,false,false,false,true,4068,75,RT @nikebasketball: Congrats to the @LVAces on back-to-back WNBA Championships.  https://t.co/aC2mFWIXzJ
false,true,Spotlighting athlete* and  stories,nike.com,7060,120,true,415859364,false,true,"Beaverton, Oregon",3313,Nike,38807,user,https://x.com/Nike,Nike,Nike Basketball,nikebasketball,false,false,false,true,862,106,"RT @nikebasketball: The kind of softness you expect from your bed at your feet ️

Play hard, but feel supported with the LeBron XXIs  ht…"
false,true,Spotlighting athlete* and  stories,nike.com,7060,120,true,415859364,false,true,"Beaverton, Oregon",3313,Nike,38807,user,https://x.com/Nike,Nike,Chicago Marathon,ChiMarathon,false,false,false,false,2173,98,"Kelvin leaves the world behind. 

In his third marathon ever, Kelvin Kiptum sets a new World Record at @ChiMarathon, running the fastest official marathon of all
time.

Congratulations, Kelvin. In 2:00:35, you're leading the charge on the future of Running. ✨ https://t.co/rTF6790ZuD"
false,true,Spotlighting athlete* and  stories,nike.com,7060,120,true,415859364,false,true,"Beaverton, Oregon",3313,Nike,38807,user,https://x.com/Nike,Nike,Beatrice Vio,VioBebe,false,false,false,false,397,38,"Rise to the challenge.
Climb the podium.
Claim the gold.

@VioBebe sets the standard once again.

Congrats on your fourth gold at the World Championship. Where to next?  https://t.co/D23DH1sLU8"
false,true,Spotlighting athlete* and  stories,nike.com,7060,120,true,415859364,false,true,"Beaverton, Oregon",3313,Nike,38807,user,https://x.com/Nike,Nike,RTFKT,RTFKT,false,false,false,false,3426,367,"Yes... this is a REAL sneaker. Introducing the @RTFKT x Nike Dunk. Pre-order live on Monday, 11/20/23 at https://t.co/nVV3ffyFtX. https://t.co/T0uv4jqCcM"
false,true,Spotlighting athlete* and  stories,nike.com,7060,120,true,415859364,false,true,"Beaverton, Oregon",3313,Nike,38807,user,https://x.com/Nike,Nike,,,false,false,true,false,387,14,Step into the future to learn more at https://t.co/39T6Gfew0h
true,false,| Travel | Lifestyle | Fashion | Art | Sneakers | IG: @twoninspo YT: antwonramos,,1933,71,true,2286078396,false,false,California,115,TWON,1692,user,https://x.com/twonsinspo,twonsinspo,SOLELINKS,SOLELINKS,false,false,false,false,9,1,His and hers  Travis Scott Air Max 270 React “Cactus Trails” @SOLELINKS @snkr_twitr @Nike @trvisXX @LaflameScott @JLaPuma @Complex https://t.co/RAIHK6Euxy
false,true,I wake up happy everyday! I’m excited to see what we can accomplish next! I love my family and try to make the most of time we spend together. #shineindarktimes,,14,81,true,1252702812133191680,false,false,"Las Vegas, NV (EASTSIDE!!)",23,Daniel Rodriguez,71,user,https://x.com/_ARlasvegas,_ARlasvegas,,,false,false,false,false,0,0,Nike Air Max 270 React ENG Premium By You https://t.co/liENoHFscH
false,true,"I create everything, there’s nothing I can’t do",linktr.ee/Staleyinsight,41825,3139,true,959966311190278144,false,false,"New York, NY",5168,S T A L E Y I N S I G H T,22978,user,https://x.com/staleyinsight,staleyinsight,Target,Target,false,false,false,false,0,0,"Friday. My second favorite F word
#hellofriday

♡ O O T D ♡

Set: @target @targetstyle

Sneakers: Nike Air Max 270 React @nike @nikenyc @nikewomen @ Atlanta, Georgia https://t.co/GAZ1aRFiHl"
false,true,☁️The designer deals they don’t want you to know about✌️all our deals support charities‍☠️W: https://t.co/suKCQ0BDPu IG: https://t.co/jYSw4WbP13,ugly.wtf,444,134,false,1228085154536620032,false,false,California,463,UGLY,489,user,https://x.com/ugly_wtf,ugly_wtf,Nike,Nike,false,false,false,false,1,0,⛅️deal⛅️ @Nike AIR MAX 270 REACT ENG $125 (Reg $170) https://t.co/rIXGMH6gpu‍☠️ help us take on Big-Fashion✌️follow us for new hand-picked deals every day‍☠️ #nike #style #sneakers #sneakerhead #styleinspo #sneakerdeals https://t.co/nGO4thlTF8
true,true,LLA❤️|| Lily❤️,,7900,113,true,954497037835251712,false,false,"Beaverton, Oregon",31,j,4870,user,https://x.com/sbz_jose02,sbz_jose02,TRAVIS SCOTT,trvisXX,false,false,false,false,0,0,So rumors said the Nike air max 270 react x @trvisXX gonna drop the 20th and honestly they better I wanna cop a pair already hope I get lucky enough to get some
true,true,"3451 S Dogwood Rd. El Centro, CA  92243         Phone:  760-312-9961",hibbett.com,2,13,false,1071164162041176065,false,false,California,38,HibbettElCentro,252,user,https://x.com/HibbettElCentro,HibbettElCentro,,,false,false,false,false,0,0,"Enjoy all day comfort and maximum durability with the women’s Air Max React 270 #stylebyhibbett #nike #nikeairmax270react #airmax270react #kicksonfire #elcentrocalifornia #yumaarizona #mexicalibc @ El Centro, California https://t.co/TXwSKYphNo"
true,true,"Music Lover, Sneaker collector Size11, novice investor that sometimes make sense of the world. Follow me @OGBoBeats on instagram from the #262 #414 area code.",allmylinks.com/ogbobeats,13056,779,true,286829584,false,false,Florida,2639,OGboBEATS TV on youtube,9176,user,https://x.com/OGBOBEATSTV,OGBOBEATSTV,,,false,false,false,false,0,0,"https://t.co/M4ZHHhcKBu 

Nike Air Max 270 React WTR video….. #kanyewest #adidas #airjordan6travisscott #airmax270 #nike #yeezy #yeezy350 #kicksonfire #sneakergames #avid   #yeezyboost350 #kicksonfire #sneakercon #sneakerhead #kicks  #ogbobeats #snkrs #shoegame #youtube"
false,true,Kicklahoma OKC 7.24.22,ShopKicklahoma.com,2352,383,false,1668617810,false,false,Oklahoma,432,Kicklahoma,64722,user,https://x.com/Kicklahoma,Kicklahoma,Kicklahoma,Kicklahoma,false,false,false,false,0,0,".
Now Available at ➡️ @Kicklahoma ⬅️
.
Nike Air Max 270 React “Travis Scott: Cactus Trails”
Brand New
Size: 7.5 ($550) 9.5 • 10.5 ($600)
.
@Kicklahoma
Monday - Saturday: 11am to 7pm
Sunday: 12pm to 6pm
.
⭐️MASK… https://t.co/kmm4vKO2cD"
false,true,"The Midwest's leading sneaker, apparel & lifestyle shop • Short North- 846 N High St Columbus, OH 43215  • 6142992290",soleclassics.com,3236,252,false,19550141,false,false,"Columbus, OH",1963,Sole Classics,15087,user,https://x.com/SoleClassics,SoleClassics,,,false,false,false,false,0,0,•  Nike Air Max 270 React ENG &amp; Nike Presto React “Aliens” are both now available in-store and online at https://t.co/gFtq4E1H5Q - Retail $180 &amp; $140 respectively. @ Sole Classics https://t.co/8T7oAbatux
true,false,"Quick wit, slow metabolism. (He/Him)",,114392,799,true,1176332189023293440,false,false,"Minneapolis, MN",6086,Zero Cool,47329,user,https://x.com/DGRMSP,DGRMSP,,,false,false,false,false,0,0,@DearestZeus I got mine at Finish Line dot com. Nike Air Max 270 React ENG
true,true,"Born May 6, 1988 in Chicago, IL, Singer, Songwriter, Musician, Dancer, Actor, Sneaker Head, Autism Ambassador, Host Of SNEAKER JAMZ",,94510,1492,true,1142150058768568327,false,false,"Chicago, IL",209,Benjamin Scott SNEAKER JAMZ,1907,user,https://x.com/ScottJamz,ScottJamz,zSneakerHeadz,zSneakerHeadz,false,false,true,false,5,0,"@zSneakerHeadz ""OLYMPIC"" AIR JORDAN 7 https://t.co/olRtF4a7wz"
false,true,Sneaker head always looking for my next grails …. #collector #nikeSBdunk #dunk #AJ1 #airjordan #Yeezy,,157,36,true,1395793788069634048,false,false,New York City,32,onmyfeet,57,user,https://x.com/ToNeStReEts,ToNeStReEts,,,false,false,false,false,1,0,What’s on ur ? # Travis Scott #air Jordan 6s  https://t.co/CYwv1p3UUb
true,false,https://t.co/lskiNwT4yT,,74,86,false,2389563014,false,false,"New York, NY",61,Sneaker Maniac,216,user,https://x.com/SnkrManiacNYC,SnkrManiacNYC,,,false,false,false,false,0,0,"AIR JORDAN 1 LOW OG 'STARFISH
sz 10.5 

deadstock 

cz0790 801 @ New York City, N.Y. https://t.co/3LOW1vvFql"
false,true,"Hours: Tues-Fri: 11am-5pm. Sat: 11am-3pm. Youngstown’s 1 stop shop for: Premium Restorations, Exclusive Sneakers & Fashion ⌚️",ineedrelaced.com,73,110,false,1062692340689711104,false,false,Ohio,1055,Relaced (MBG Restoring LLC O&O),1619,user,https://x.com/Relaced330,Relaced330,,,false,false,false,false,0,0,"$89.99 IN STORE NOW ‼️
Air Jordan 13 “Aurora Green”
VNDS - Size 6Y
3622 Belmont Ave Ste 3 Youngstown Ohio @ Relaced330 https://t.co/vRuP4poV0G"
false,true,"Hours: Tues-Fri: 11am-5pm. Sat: 11am-3pm. Youngstown’s 1 stop shop for: Premium Restorations, Exclusive Sneakers & Fashion ⌚️",ineedrelaced.com,73,110,false,1062692340689711104,false,false,Ohio,1055,Relaced (MBG Restoring LLC O&O),1619,user,https://x.com/Relaced330,Relaced330,,,false,false,false,false,0,0,"$249.99 IN STORE NOW ‼️
Air Jordan 11 “Cool Grey”
Brand New - Size 6.5Y
3622 Belmont Ave Ste 3 Youngstown Ohio @ Relaced330 https://t.co/kYaNOEWrfo"
false,true,"Hours: Tues-Fri: 11am-5pm. Sat: 11am-3pm. Youngstown’s 1 stop shop for: Premium Restorations, Exclusive Sneakers & Fashion ⌚️",ineedrelaced.com,73,110,false,1062692340689711104,false,false,Ohio,1055,Relaced (MBG Restoring LLC O&O),1619,user,https://x.com/Relaced330,Relaced330,,,false,false,false,false,0,0,"EARLYAir Jordan 4 “Red Thunder”
Brand New - Size 10
IN STORE NOW‼️
3622 Belmont Ave Ste 3 Youngstown Ohio @ Relaced330 https://t.co/i9KRVcEsrC"
true,true,EVERYBODY• LOVES• INCOME• NEVER• ENDING,elineapparel.com,436,768,false,1283218907243962369,false,false,"Beaverton, Oregon",282,E_LINE_APPAREL,1208,user,https://x.com/ELINEAPPAREL1,ELINEAPPAREL1,,,false,false,false,false,1,0,"Grab some Eline Drip to match the Air Jordan “Solefly” 1’s 

Shop now at https://t.co/W0MHgULHh1 
When you spend $50 you get 15% Off your entire order! 

#elineapparel #everybodylovesincomeneverending #blackownedbusiness #chicago #arizona #linkinbio https://t.co/pLkAAdWaQ3"
false,true,I’ve Founded Many Projects but I Am Still So Lost  @Anti_NFT_NFT |  @BCSneakers_NFT | https://t.co/0CaYBTvlX8,forusdegens.io,7101,275,false,1238701507198910464,false,false,In the Clouds,372,Stimuleye.eth ⚡️,4089,user,https://x.com/stimuleye,stimuleye,,,false,false,false,false,2,0,Made this Air Jordan 1 ‘Bred Toes’ w my sons scrap legos around the house #art #LEGOBuildDay https://t.co/4ZUqNtNLqX
true,true,Shoe Store,,6,42,false,501278915,false,false,"Denver, CO",11,Sole St. Shoes,653,user,https://x.com/solestreetshoes,solestreetshoes,,,false,false,false,false,2,1,"Air Jordan 1 Retro High OG still available in mens sizes 8-11.  First come first serve, limit one pair per customer, final sale item. @ Sole St. Shoes https://t.co/Myh9oD4CyI"
true,true,EVERYBODY• LOVES• INCOME• NEVER• ENDING,elineapparel.com,436,768,false,1283218907243962369,false,false,"Beaverton, Oregon",282,E_LINE_APPAREL,1208,user,https://x.com/ELINEAPPAREL1,ELINEAPPAREL1,,,false,false,false,false,1,0,"Come shop now for the best in the game to match your Air Jordan “Patent” 1’s 

Visit (https://t.co/W0MHgULHh1) and shop now to support a black owned business! 

#elineapparel #everybodylovesincomeneverending #blackownedbusiness #fashion #chicago #jordanpatent1  #sneakers https://t.co/C72FWEfySi"
true,true,"Official Twitter account of ToddKrevanchi. Full time Rough Rider, Tar Heel & Sneakerhead. Size 10.5/11. krvanch@yahoo.com",Instagram.com/krvanch/,7779,2867,true,43780393,false,false,Freelance sneaker writer,6516,Todd Krevanchi,48129,user,https://x.com/krvanch,krvanch,,,false,false,false,false,2,1,"Standard black/red Air Jordan 1s &gt; Patent black/red Air Jordan 1s.

It’s not even close."
false,false,Book club focused on encouraging and equipping Black Men to read • tweets by @negrolibrarian • Subsidiary of @resist_bks,solo.to/blackmenread,7263,1105,true,881659720523710465,false,false,"Petersburg, VA",1113,Black Men Read Book Club,4839,user,https://x.com/blackmenreadnow,blackmenreadnow,,,false,false,false,false,6,1,The student vote to #PickMyKicks wasn’t close!  Now the search for a good price for air jordan 1 retro high og turbo green’s in 13 for #booksandbars is on! https://t.co/DuoWFNjski
false,true,Marketing and Dj. #Amsterdam,soyleon.nl,756,2530,false,388449512,false,false,"Beaverton, Oregon",11489,Leon Stiglitz,17605,user,https://x.com/LionStiglitz,LionStiglitz,,,false,false,false,false,0,0,"Sole Mates: KicksTQ and the Air Jordan 5 ""Black Metallic"": Over the past few years, street… https://t.co/rzZBkpoanu #Footwear #Features https://t.co/g7Yo4730el"
false,true,Marketing and Dj. #Amsterdam,soyleon.nl,756,2530,false,388449512,false,false,"Beaverton, Oregon",11489,Leon Stiglitz,17605,user,https://x.com/LionStiglitz,LionStiglitz,,,false,false,false,false,0,0,"Official Images of the Air Jordan 1 Low OG ""Chinese New Year"": Jordan Brand and Nike are in preparation… https://t.co/I9osab8iou #Footwear https://t.co/zW3AQ4lg2k"
true,true,"A website dedicated to high school, college, professional and summer league basketball. IG: @daves__joint Facebook: Dave's Joint",davesjoint.net,65048,8785,true,857994777077436416,false,true,"Bronx, NY",15413,Dave's Joint,98709,user,https://x.com/daves_joint,daves_joint,Nice Kicks,nicekicks,false,false,false,false,1,0,The nice #offwhite Air Jordan 1’s. @nicekicks https://t.co/Dij4a7tKho
false,true,Marketing and Dj. #Amsterdam,soyleon.nl,756,2530,false,388449512,false,false,"Beaverton, Oregon",11489,Leon Stiglitz,17605,user,https://x.com/LionStiglitz,LionStiglitz,,,false,false,false,false,0,0,On-Foot Look at the Upcoming Union x Nike Cortez: After already having a successful 2021 of Air Jordan 4… https://t.co/mS016w1oNC #Footwear https://t.co/1mYygPUMk2
false,true,"UA Sneaker Reviewer 

Interested in Sneakers

Don't forget to FOLLOW for all the BEST kicks",solo.to/abhtx,213,44,false,1179086041195651075,false,false,"Houston, TX",220,ABHTX,657,user,https://x.com/ABHTXx,ABHTXx,,,false,false,false,false,0,0,"UA Air Jordan 12 Playoffs

‼️UPCOMING REVIEW‼️ 

 YouTube: ABHTX ❌

#repsneakers #uasneakers #airjordan12 #kickstagram @snj8010 #abhtx @ Houston, Texas https://t.co/SxI4NSJ8t6"
false,true,We have a story to tell.,wishatl.com,1629,721,true,23981826,false,false,Little 5 Points Atlanta,5679,WishATL,12322,user,https://x.com/WishATL,WishATL,,,false,false,false,false,3,2,"#ComingSoon The WMNS Air Jordan 1 High OG “Bubble Gum/Atmosphere”—$170 arrives on 12.22.21.
-
Visit https://t.co/ZmysWkx05X now to enter the raffle for your chance to purchase.

GA RESIDENTS ONLY. ONE WINNER PER HOUSEHOLD. ONE ENTRY PER PERSON. 

Raffle closes at 5 PM EST. https://t.co/zng09ZBrLB"
false,true,"ChristJesus BeautifulWife-3Kids #PIZZA#BBQ  #Campchef #ooni
CHI Sports-Juve⚽️
PRO2A PROLife❣ Cigars• Rum•Bourbon•WhiskeySneakers #AMERICA",,31785,1567,false,1862711010,false,false,"Chicago,  IL",1567,Mario,23782,user,https://x.com/MarioCFulco,MarioCFulco,,,false,false,false,false,0,1,"Winner Winner
Air jordan 1 
Patent Bred @ Chicago, Illinois https://t.co/mNuvYffHn3"
true,false,Follow my YouTube @teamipseity  LiL CYNDAQUiL All tweets are my own opinion,linktr.ee/ipseitymedia,22611,506,true,1594801968,false,false,DMV➡️ATL,822,Cody Borden,18951,user,https://x.com/realcodyborden,realcodyborden,,,false,false,false,false,1,0,"Today I’m unboxing the Nike Air Max 90 Infrared, also known as the Nike Air Max 3 Radiant Red
https://t.co/3llT7527JI
#nikeairmax90infrared #unboxing #sneakers #nikeairmax #subscribe https://t.co/QF8625TS5t"
false,true,DESIGNING THE NIKE SNEAKER I HAVE THEE BEST DESIGNS IN HISTORY BUY THE SNEAKS YOU WANT ORDER ONLY ON MY FACEBOOK THANK YOU FOR YOUR PURCHASES #NIKEBYAR,facebook.com/WorldSavesArvin,97,256,false,1322409468575969280,false,false,California,259,WORLD SAVE'S ARVIN,2155,user,https://x.com/NIKEBYAR,NIKEBYAR,,,false,false,false,false,0,0,"""INFAMOUS"" NIKE AIR MAX 90 by #NIKEBYAR Custom order on my facebook only! https://t.co/ZA8QgQKfJU"
false,true,DESIGNING THE NIKE SNEAKER I HAVE THEE BEST DESIGNS IN HISTORY BUY THE SNEAKS YOU WANT ORDER ONLY ON MY FACEBOOK THANK YOU FOR YOUR PURCHASES #NIKEBYAR,facebook.com/WorldSavesArvin,97,256,false,1322409468575969280,false,false,California,259,WORLD SAVE'S ARVIN,2155,user,https://x.com/NIKEBYAR,NIKEBYAR,,,false,false,false,false,0,0,"""COOLAMITI"" Nike Air Max 90 by #NIKEBYAR Custom order on my facebook only! https://t.co/5JRjalXNP4"
false,true,DESIGNING THE NIKE SNEAKER I HAVE THEE BEST DESIGNS IN HISTORY BUY THE SNEAKS YOU WANT ORDER ONLY ON MY FACEBOOK THANK YOU FOR YOUR PURCHASES #NIKEBYAR,facebook.com/WorldSavesArvin,97,256,false,1322409468575969280,false,false,California,259,WORLD SAVE'S ARVIN,2155,user,https://x.com/NIKEBYAR,NIKEBYAR,,,false,false,false,false,0,0,"""The Green Machine"" Nike Air Max 90 by #NIKEBYAR Custom order only on my facebook! https://t.co/oUA0o4q2jd"
true,true,"No matter where life takes me, find me with a smile.",facebook.com/burchj2,41219,2163,true,41197372,false,false,"Cincinnati, OH",2100,Cactus Burch,21202,user,https://x.com/JeffBurch13,JeffBurch13,Cincinnati Bengals,Bengals,false,false,false,false,1,0,Had to make myself some custom Nike Air Max 90’s inspired by the @Bengals with #WhoDey on the tongues. Excited for the future of Cincinnati Football  https://t.co/WvCQk5zGrf
true,true,"Cleveland’s exclusive sneaker shop! 14057 Madison Ave, Lakewood OH",chillykicks.com,21693,187,true,2314619767,false,false,"Lakewood, OH",1369,Chilly Kicks,12637,user,https://x.com/ChillyKicks,ChillyKicks,,,false,false,false,false,1,0,"Nike Air Max 90 Bacon 2020

New Sizes 12, 13, 14 - $250

Available in store &amp; online now!

Shop https://t.co/XpFzltjHqT and in store at
14057 Madison Ave, Lakewood OH @ Chilly Kicks https://t.co/xcQwQ84VFC"
false,true,Villanova grad. Tech & Social nerd. Dolphins fan. Yankees fan. Sneakerhead. Sales Engineer. Former Salesforce Admin. Opinions are mine. IG=TheFootPrince,,8889,1487,true,599808444,false,false,NJ and NYC,1323,JC,21364,user,https://x.com/TheFootPrince,TheFootPrince,let,let,false,false,false,false,1,0,4.3.21 Nike Air Max 90 DQM Bacon 2004 (2021 in bag courtesy of @let.us.prosper )  #iDefineHeat @ Prosper https://t.co/mPjFkKTU97
true,true,Buy-Sell-Trade Sneakers Locally (Free) Sneaker Giveaways (Monthly) ESL Shop (Top Deals) Download Our App ExtremeSneakList,esl.app.link,589,2268,true,4836915057,false,false,"Beaverton, Oregon",285,ExtremeSneakList,3779,user,https://x.com/EXTREME_SL,EXTREME_SL,,,false,false,false,false,0,0,The Nike Air Max 90 “Chicago” Is Now Available For $130. Swipe Up On Our Story To Purchase! @ United States of America https://t.co/m5AOZ1zOL5
false,false,"#Silver #Gold #Copper #Bitcoin #Edtech #AI
#Michigan #GoBlue #Knicks",,21670,544,true,20149508,false,false,"Beaverton, Oregon",4186,Katch,37872,user,https://x.com/jkatcher74,jkatcher74,,,false,false,false,false,1,0,Very excited to get these new Nike Air Max 90 Off Noir kicks. Nice complement to my Sketch and Camo releases. #sneakerhead https://t.co/GZNphVrPFc
false,true,"A World of Transactions, is a World in collaboration! Top Rated Online Retail store. #shoponline #sneakers #kicks",ebay.com/str/redd3413,16,506,true,768655107626074112,false,false,Atlanta,380,Red Deals Online,6737,user,https://x.com/ReddealsOnline,ReddealsOnline,,,false,false,false,false,0,0,Nike Air Max 90 Carnival CW6029-100  https://t.co/jE5vmjEkQ4 #nikeairmax90carnival #nikeairmax90 #swooshgirls #swooshlife #sneakerheadqueens #chicksinkicks #sneakeraddict #sneakerz #reddealsonline #ebaystore https://t.co/IO7KzSkrvL
false,true,Marketing and Dj. #Amsterdam,soyleon.nl,756,2530,false,388449512,false,false,"Beaverton, Oregon",11489,Leon Stiglitz,17605,user,https://x.com/LionStiglitz,LionStiglitz,,,false,false,false,false,0,0,"Official Images of the Nike Air Max 90 ""Air Sprung"": Following the introduction of Nike Air Max 95 and… https://t.co/d0yWKZPdTZ #Footwear https://t.co/qAyAZ0Y3Uz"
false,true,Marketing and Dj. #Amsterdam,soyleon.nl,756,2530,false,388449512,false,false,"Beaverton, Oregon",11489,Leon Stiglitz,17605,user,https://x.com/LionStiglitz,LionStiglitz,,,false,false,false,false,0,0,"Nike Dresses the Air Max 90 G in “Leopard”: The last time we visited the Nike Air Max 90 Golf, the… https://t.co/WqpB9VCoqE #Footwear https://t.co/Oi7yr2e9qe"
false,false,Le Moyne,,2041,485,false,509475348,false,false,syracuse,56,Mike,3668,user,https://x.com/MikeeSacco,MikeeSacco,,,false,false,false,false,0,0,Finally I have an excuse to wear all red shoes without having to be 18 again I can't wait to get these Nike Air Max 90's!!
false,true,"Chef, Butcher, Businessman and Sneaker enthusiasts. Owner of @timperryfoods, Lover of Everything from the World  of Food  and Kicks. IG. @donnbear_foods",,33880,684,true,280267292,false,false,"Decatur,Ga",263,Sheldon Perry,2480,user,https://x.com/Donnbear228,Donnbear228,Nike,Nike,false,false,false,false,2,0,"For Air Max Day, had to go into the Vault. All Red @nike Air Max 90. Super Comfortable and Bold. #airmaxday #airmax90 #airmaxday2021 #cheflife #mambamentality #funneverstops @ DeKalb County, Georgia https://t.co/bTG3CNghS1"
false,true,Join the  culture by following,,50,13,false,1435506664275337217,false,false,"Beaverton, Oregon",19,The Culture,70,user,https://x.com/TheCultureSnkrs,TheCultureSnkrs,,,false,false,false,false,0,0,"Nike Air Max 90 Alter And Reveal
Coming up soon
What are your thoughts on this sneakers.
or @ Sneakers World https://t.co/JpPu22Oosg"
false,true,Marketing and Dj. #Amsterdam,soyleon.nl,756,2530,false,388449512,false,false,"Beaverton, Oregon",11489,Leon Stiglitz,17605,user,https://x.com/LionStiglitz,LionStiglitz,,,false,false,false,false,0,0,"Nike Air Max 90 ""Legacy"" Provides Potent Patchwork Style: As Nike's push towards sustainability… https://t.co/GE8BLMSLWK #Hypebeast #Trends https://t.co/nWDvx8GxSI"
true,true,FILIPINO PRIDE  Father of 2 beautiful girls! Sneakers are my love! Size 11! Chicago Bulls! Chicago Cubs!,,41241,2257,true,519182562,false,true,"Illinois, USA",2203,King Felix,51544,user,https://x.com/King_Felix092,King_Felix092,,,false,false,false,false,1,0,"Tough list! 
My Top 12 PickUps this year 
1) Carmine 6s
2) UNC 4s
3) UNC 1s
4) CG 11s
5) A Ma Maniere 1s
6) Oreo 5s
7) Bordeaux 1s
8) Handcraft 1s
9) Nike Air Max 90 Bacon
10) University Gold 9s
11) Adidas TMac 3s
12) Lebron Space Jam 8s

Had to edit my list!"
false,true,We have a story to tell.,wishatl.com,1629,721,true,23981826,false,false,Little 5 Points Atlanta,5679,WishATL,12322,user,https://x.com/WishATL,WishATL,Nike,Nike,false,false,false,false,5,0,"#NowAvailable The @Nike Air Max BW “Black/Violet”—$130, available in-store &amp; online at https://t.co/ZmysWkx05X.

Following in the footsteps of the Air Max 90, the BW showcased bold, visible Air—but the style broke new ground by creating a wider viewing window into the technology. https://t.co/rIiRbAPHHQ"
false,true,"Nacido en el Principado de la CDMX, amante de los coches y los deportes, culé desde 1899. ¿Algo más?",,683,393,false,39683680,false,false,Here and there,194,Gonzalo Martínez ⚽²,27810,user,https://x.com/Gonzooo88,Gonzooo88,Nike,Nike,false,false,false,false,0,0,I just bought a partir of @Nike Air Max 90 Día de Muertos from @stockx Please God no fakes.
false,true,Merritt island high School Alum | @cusefootball,,315,414,false,796914145354510336,false,false,"Beaverton, Oregon",25,Brady Denaburg,73,user,https://x.com/bradydenaburg,bradydenaburg,Brian Knorr,Brian_Knorr,false,false,false,false,233,19,I am extremely blessed to receive a full scholarship to The Air Force Academy to play football. Thank you coach @Brian_Knorr and @CoachAC3 for the great opportunity! https://t.co/ItUjifkDTw
false,false,501c3 EIN 32-0582177 using X platform and our partner @OldGloryBank to help vets in crisis/need in real time $7+ MILLION in 5 yrs 2% op cost #codeofvets,codeofvets.com,96185,151029,true,856288002435420160,false,true,Murfreesboro Tennessee,15100,Code of Vets ™,130385,user,https://x.com/codeofvets,codeofvets,,,false,false,false,false,62,0,"MISSION #Morgantown #NC 

Air Force vet Shaun in car for months, strung along by SSVF and when he found a job making $14 an hour turned him down saying he made to much money. $1900 sec deposit/rent, electricity.

https://t.co/0ZyZl4H0Cv https://t.co/0pGOzyQTV5"
false,true,♐️.||Follow My IG: _PrettyHalo #BlackLivesMatter||HCB,,4587,1068,true,308038782,false,false,"Savannah, GA",835,Angel Nicole,37023,user,https://x.com/_PrettyHalo,_PrettyHalo,,,false,false,false,false,6,1,If You Can Run In Air Force 1s….You A Criminal
false,false,"“Great, Great”; BOOMER SOONER AngelProtected-#MasonStrong; Baptize me in a bottle of Beam put Johnny on the vinyl; Fightin Fiend-Okie Son; Common Sense",,228776,4879,true,1917092376,false,false,Stephens County Oklahoma,19695,Larry in Missouri,148824,user,https://x.com/LarryInMissouri,LarryInMissouri,U.S. Air Force,usairforce,true,false,false,false,8,0,"Happy Birthday Lloyd “Fig” Newton, out of Ridgeland, South Carolina; retired @usairforce four-star general who served as commander of COMAETC from 1997-2000; He was also the 1st African American pilot in the U.S. Air Force Thunderbirds; 79 Today… https://t.co/N9ya2prVos"
false,true,Official feed of the Utah State Alumni Chapter of Washington D.C.,facebook.com/aggiesinDC,9494,480,true,2789842633,false,false,"Washington, D.C.",963,Aggies in D.C.,5987,user,https://x.com/aggiesindc,aggiesindc,USU Men's Hoops,USUBasketball,false,false,false,false,6,0,"It's #USUGAMEDAY  @USUBasketball
opens @MountainWest play at Air Force today at 3:00 p.m. ET
 https://t.co/SEovaBfuFo
 https://t.co/n1fssVNFmM
#AggiesAllTheWay https://t.co/GyZ7fvrqxg"
true,true,"Are you Tired of Cookie cutter Paranormal channels, that manufacture demons, and look like they should be on the cover, of a 90s boy band magazine?",linktr.ee/blackcollarpro…,1151,5,false,927659359651246080,false,false,Las Vegas,509,Black Collar Project,690,user,https://x.com/BCPPARANORMAL,BCPPARANORMAL,YouTube,YouTube,false,false,false,false,5,1,"PREMIERING TOMORROW AT 8PM PST  EXPOSED TO RADIATION ☢️ INSIDE A EXTREMELY HAUNTED AIR FORCE BASE HOSPIT... https://t.co/KhLe3wIaDA via @YouTube 
DROP BY AND SAY HI, CHEERS DINGOS  https://t.co/MurpIbz0Fo"
true,true,Mom of 4  | Former NVGOP Chairwoman | TV Political Pundit & Strategist | NVSOS Advisory Committee Member On Participatory Democracy,,26722,1289,true,135352862,false,true,"Nevada, USA",3884,⭐️Amy Tarkanian⭐️,35273,user,https://x.com/MrsT106,MrsT106,,,false,false,false,false,51,2,"My friend Dave G. served in the United States Air Force &amp; took us on an adventure overlooking Henderson, Boulder City, the Colorado River, &amp; Laughlin. Jerry has always had an interest in flying. Even though this was a gift for Jerry, it was an incredible experience for us both! https://t.co/BcEcGm5Mjp"
false,true,"32, electrician. Avid sports fan, craft beer lover, and all things Texas.",,8284,1434,true,1369776228291534852,false,false,"Beaverton, Oregon",1740,Craft Beer Bob,5012,user,https://x.com/robstown012,robstown012,,,false,false,false,false,4,0,So grateful on how my family is so giving. I’ve always been the one to give and never once asked for anything in return. This year my little brother got his first job and definitely surprised me with my first ever pair of Air Force ones! Forever grateful #MerryChristmas https://t.co/5tjDAPpu3X
true,true,Ragin’ Cajun Alum,,36181,405,true,333558188,false,false,"Niceville, Florida",378,Spencer Rackley,8020,user,https://x.com/Spencer_Rackley,Spencer_Rackley,,,false,false,false,false,3,0,Go Air Force!! Great win to finish off a great season
true,false,USAF • @orlandomagic #MagicTogether,twitch.tv/slimtimgbn,44623,836,true,2392894416,false,true,California,4,Slimmy Timmy,27508,user,https://x.com/omgslimtim,omgslimtim,,,false,false,false,false,2,0,If I wasn’t in the Air Force I’d have a face tat by now
false,true,"The Official Twitter of UTEP Women's Basketball. 
#RiseUp915 | #PicksUp",utepminers.com/sports/womens-…,2547,353,true,415159709,false,false,"El Paso, Texas",4716,UTEP Women’s Basketball,20233,user,https://x.com/UTEPWBB,UTEPWBB,Ramirez,rrrutang,false,false,false,false,30,0,"UTEP 93, Air Force 85 2OT
 
⬇️⬇️⬇️
https://t.co/IPnqFjyyVd

: @rrrutang https://t.co/m8yLQaF8Gv"
true,true,"“Linebacker Specialist” owner of LBUFACTORY, LLC #ΚΑΨ♦️ from SC to ✈️Texas IG: lbufactory_llc https://t.co/yxFClqPEbv",,32672,6563,true,3163115874,false,true,"Tyler Texas, USA",4583,Coach Carlos Whitmire SR.,62796,user,https://x.com/CoachWhitmire,CoachWhitmire,,,false,false,false,false,4,1,Air Force running it up on LU..
false,true,"Award-winning #weather #wizard living his dream doing TV weather. Living in Colorado Springs, CO working @Fox21News. Love my #Sooners, #Steelers & #Flyers.",fox21news.com,1853,4426,false,22737651,false,false,"Colorado Springs, CO",2072,RobertHahn,8351,user,https://x.com/RobertHahnFox21,RobertHahnFox21,,,false,true,false,false,8,2,Winds are unfortunately ramping up. A recent wind gust of 63 mph was measured at the Air Force Academy.
true,true,"(mostly) rock ‘n’ roll photographer 1981-94, nowadays a (mostly) jazz photographer, lefty, (mostly) rock ‘n’ roll gallery in New Orleans, Cockney ⚒️ COYI ⚒️",linktr.ee/steverapportph…,35547,1716,true,30184802,false,false,"New Orleans, LA",4003,Steve Rapport Photography,61856,user,https://x.com/NorthBankNorman,NorthBankNorman,,,false,false,false,false,17,2,"Corporal Joe “Woody” Strummer of the Royal Air Force, photographed in Normandy on VE Day in 1945.

#JoeStrummer #theclash https://t.co/SwGI0iRyfe"
true,false,"Be just and justify your actions breathe deep and walk up right Lead and never Follow Love the people, be of the people Humble yourself History remembers Kings.",jv-solar-solutions-llc.ueniweb.com/#header,168066,386,true,491878402,false,false,"El Paso, Texas",29260,EL UTEP MINERO,219775,user,https://x.com/JoeJohnSr,JoeJohnSr,UTEP Women’s Basketball,UTEPWBB,false,false,false,false,15,0,Way to beat Air Force! @UTEPWBB G MINERS⛏
true,true,"Meats & sports. UofL, Jets, A's, Spurs, USMNT, USWNT, Racing Louisville. Co-host The Drive & UofL women's hoops post-game on 93.9. Trivia gun for hire.",espnlouisville.com,167483,1923,true,86225780,false,false,"Louisville, KY",7128,Dave Scull,106083,user,https://x.com/BiggestBiscuit,BiggestBiscuit,,,false,false,false,false,72,2,Beat Air Force.
false,false,"Colorado Springs FD official public information account. Serving the community of Colorado Springs since 1894. 
*NOT monitored 24/7. Call 9-1-1*",coloradosprings.gov/fire-department,1266,295,true,100791970,false,true,"Colorado Springs, CO",3778,CSFD PIO,20966,user,https://x.com/CSFDPIO,CSFDPIO,Colorado Springs Utilities,CSUtilities,false,false,true,false,21,2,"#BlodgettPeakFire -Fire is still estimated at under an acre. 24 FF’s  from CSFD, @CSUtilities, @epcwildland, Air Force Academy Fire. https://t.co/GOCOTZhwOl"
false,true,"Husband, father of three amazing girls and sports editor/Air Force football beat writer for The Gazette in Colorado Springs. Kansas native, KU grad.",gazette.com/sports/,1383,2760,true,309132478,false,false,Colorado Springs,2426,Brent Briggeman,25993,user,https://x.com/BrentBriggeman,BrentBriggeman,,,false,false,false,false,13,2,"Settling in for some Tuesday afternoon football in Dallas (it is Tuesday, right?)
Air Force and Louisville kick off at 2:25 pm Central on ESPN in the First Responder Bowl. https://t.co/7w6h6GvgoK"
true,false,"Husband, father | @247Louisville @247Sports part of @CBSSports | #Louisville basketball, football, baseball, recruiting https://t.co/B5fbDxEabU #GoCards",,6748,2178,true,261319072,false,true,"Louisville, Bluegrass State",2692,Michael McCammon,31743,user,https://x.com/mcmichael20,mcmichael20,First Responder Bowl,FRBowl,false,false,false,false,7,0,Game Day! Louisville v Air Force in @FRBowl 3:15p ESPN https://t.co/2NRriczTlW
